num,parentCategory,serviceOffering,serviceSlug,kind,diyStatus,riskLevel,guidanceType,primaryDiyGuide,existingGuide,existingGuideStatus,safetyReview,arabicReview,professionalFallback,reason,primaryGuideLogic,ambiguous
1,"Cleaning Services","Cleaning Services [PARENT]","cleaning-services",parent,GREEN,green,step-by-step,"how-to-clean-a-bathroom",yes,draft,required,review-required,optional,"Cleaning practical posture; existing bathroom draft is related — may need broader hub (B/C)",B,yes
2,"General Building Maintenance","General Building Maintenance [PARENT]","building-maintenance",parent,YELLOW,yellow,limited-troubleshooting,"TBD",no,none,required,review-required,required,"Handyman hub — observation + stop for structural/electrical/gas/height",C,no
3,"Plumbing Maintenance","Plumbing Maintenance [PARENT]","plumbing-maintenance",parent,YELLOW,yellow,limited-troubleshooting,"how-to-fix-dripping-faucet",yes,published,required,review-required,required,"Parent hub; primary published faucet guide (A); unclog is related",A,no
4,"Electrical Maintenance","Electrical Maintenance [PARENT]","electrical-maintenance",parent,RED,red,safety-only,"TBD",no,none,required,required,required,"Electrical default RED posture — observation/stop/CTA only",C,no
5,"AC / Air Conditioning Maintenance","AC / Air Conditioning Maintenance [PARENT]","ac-maintenance",parent,YELLOW,yellow,limited-troubleshooting,"how-to-clean-ac-filter",yes,published,required,review-required,required,"AC hub; primary published filter guide; refrigerant/electrical remain RED children",A,no
6,"Painting Services","Painting Services [PARENT]","painting-services",parent,YELLOW,yellow,limited-troubleshooting,"how-to-touch-up-interior-paint",yes,draft,required,review-required,optional,"Painting hub; draft touch-up guide as primary candidate",A,no
7,"Wall Maintenance & Repair","Wall Maintenance & Repair [PARENT]","wall-maintenance",parent,YELLOW,yellow,limited-troubleshooting,"how-to-check-a-small-wall-crack",yes,draft,required,required,required,"Walls hub; draft crack-check observation guide",A,no
8,"Swimming Pool Cleaning & Maintenance","Swimming Pool Cleaning & Maintenance [PARENT]","swimming-pool-maintenance",parent,YELLOW,yellow,limited-troubleshooting,"TBD",no,none,required,required,required,"Pool hub — skimming/visual OK candidates; chemicals/equipment electrical RED/RR",C,no
9,"Sauna Room Cleaning & Maintenance","Sauna Room Cleaning & Maintenance [PARENT]","sauna-maintenance",parent,YELLOW,yellow,limited-troubleshooting,"TBD",no,none,required,required,required,"Sauna hub — cleaning GREEN candidates; heater electrical/gas RED",C,no
10,"Water Tank Cleaning & Maintenance","Water Tank Cleaning & Maintenance [PARENT]","water-tank-cleaning",parent,YELLOW,yellow,safety-only,"TBD",no,none,required,required,required,"Tank hub — exterior visual only; confined/chem RED/RR",C,no
11,"Refrigerator Maintenance / Repair","Refrigerator Maintenance / Repair [PARENT]","(DiyCategory hub: refrigerator)",parent,YELLOW,yellow,limited-troubleshooting,"TBD",no,none,required,required,required,"Appliance hub via DiyCategory — filter/seal/cleaning GREEN; compressor RED",C,no
12,"Microwave Maintenance / Repair","Microwave Maintenance / Repair [PARENT]","(DiyCategory hub: microwave)",parent,YELLOW,yellow,safety-only,"TBD",no,none,required,required,required,"Microwave hub — cleaning GREEN; HV internals RED",C,no
13,"Washing Machine Maintenance / Repair","Washing Machine Maintenance / Repair [PARENT]","(DiyCategory hub: washing-machine)",parent,YELLOW,yellow,limited-troubleshooting,"TBD",no,none,required,required,required,"Washer hub — filter clean GREEN; motor/board RED",C,no
14,"Water Heater Maintenance / Repair","Water Heater Maintenance / Repair [PARENT]","(DiyCategory hub: water-heater)",parent,YELLOW,yellow,safety-only,"TBD",no,none,required,required,required,"Heater hub — cleaning/observation limited; element/electrical RED",C,no
15,"Dishwasher Maintenance / Repair","Dishwasher Maintenance / Repair [PARENT]","(DiyCategory hub: dishwasher)",parent,YELLOW,yellow,limited-troubleshooting,"TBD",no,none,required,required,required,"Dishwasher hub — filter/spray-arm GREEN; pump/heating RED",C,no
16,"Gym Cleaning & Maintenance","Gym Cleaning & Maintenance [PARENT]","gym-cleaning-maintenance",parent,YELLOW,yellow,limited-troubleshooting,"TBD",no,none,required,required,required,"Gym hub — cleaning practical; equipment internals RR/RED",C,no
17,"Oven Maintenance / Repair","Oven Maintenance / Repair [PARENT]","(DiyCategory hub: oven)",parent,YELLOW,yellow,limited-troubleshooting,"TBD",no,none,required,required,required,"Oven hub — cool cleaning GREEN; element/gas RED",C,no
18,"Burner / Cooker Maintenance / Repair","Burner / Cooker Maintenance / Repair [PARENT]","(DiyCategory hub: burner-cooker)",parent,RED,red,professional-recommended,"TBD",no,none,required,required,required,"Burner/cooker default RED for gas; cleaning children may be YELLOW",C,no
19,"Cleaning Services","Residential Cleaning","residential-cleaning",child,GREEN,green,step-by-step,"TBD",no,none,required,review-required,optional,"Routine surface cleaning — GREEN candidate after human safety review",C,no
20,"Cleaning Services","Apartment Cleaning","apartment-cleaning",child,GREEN,green,step-by-step,"TBD",no,none,required,review-required,optional,"Routine surface cleaning — GREEN candidate after human safety review",C,no
21,"Cleaning Services","Villa Cleaning","villa-cleaning",child,GREEN,green,step-by-step,"TBD",no,none,required,review-required,optional,"Routine surface cleaning — GREEN candidate after human safety review",C,no
22,"Cleaning Services","House Cleaning","house-cleaning",child,GREEN,green,step-by-step,"TBD",no,none,required,review-required,optional,"Routine surface cleaning — GREEN candidate after human safety review",C,no
23,"Cleaning Services","Office Cleaning","office-cleaning",child,GREEN,green,step-by-step,"TBD",no,none,required,review-required,optional,"Routine surface cleaning — GREEN candidate after human safety review",C,no
24,"Cleaning Services","Commercial Cleaning","commercial-cleaning",child,GREEN,green,step-by-step,"TBD",no,none,required,review-required,optional,"Routine surface cleaning — GREEN candidate after human safety review",C,no
25,"Cleaning Services","Building Common Area Cleaning","building-common-area-cleaning",child,YELLOW,yellow,limited-troubleshooting,"TBD",no,none,required,review-required,optional,"Specialist cleaning / dust / textiles — limited DIY; chemical safety review",C,no
26,"Cleaning Services","Deep Cleaning","deep-cleaning",child,YELLOW,yellow,step-by-step,"TBD",no,none,required,review-required,optional,"Practical cleaning with chemical/ventilation caution",C,no
27,"Cleaning Services","One-Time Cleaning","one-time-cleaning",child,GREEN,green,step-by-step,"TBD",no,none,required,review-required,optional,"Routine surface cleaning — GREEN candidate after human safety review",C,no
28,"Cleaning Services","Regular Cleaning","regular-cleaning",child,GREEN,green,step-by-step,"TBD",no,none,required,review-required,optional,"Routine surface cleaning — GREEN candidate after human safety review",C,no
29,"Cleaning Services","Recurring Cleaning","recurring-cleaning",child,GREEN,green,step-by-step,"TBD",no,none,required,review-required,optional,"Routine surface cleaning — GREEN candidate after human safety review",C,no
30,"Cleaning Services","Move-In Cleaning","move-in-cleaning",child,GREEN,green,step-by-step,"TBD",no,none,required,review-required,optional,"Routine surface cleaning — GREEN candidate after human safety review",C,no
31,"Cleaning Services","Move-Out Cleaning","move-out-cleaning",child,GREEN,green,step-by-step,"TBD",no,none,required,review-required,optional,"Routine surface cleaning — GREEN candidate after human safety review",C,no
32,"Cleaning Services","Post-Construction Cleaning","post-construction-cleaning",child,YELLOW,yellow,limited-troubleshooting,"TBD",no,none,required,review-required,optional,"Specialist cleaning / dust / textiles — limited DIY; chemical safety review",C,no
33,"Cleaning Services","Post-Renovation Cleaning","post-renovation-cleaning",child,YELLOW,yellow,limited-troubleshooting,"TBD",no,none,required,review-required,optional,"Specialist cleaning / dust / textiles — limited DIY; chemical safety review",C,no
34,"Cleaning Services","Kitchen Cleaning","kitchen-cleaning",child,YELLOW,yellow,step-by-step,"TBD",no,none,required,review-required,optional,"Practical cleaning with chemical/ventilation caution",C,no
35,"Cleaning Services","Bathroom Cleaning","bathroom-cleaning",child,GREEN,green,step-by-step,"how-to-clean-a-bathroom",yes,draft,required,review-required,optional,"Maps to existing bathroom cleaning draft guide",A,no
36,"Cleaning Services","Floor Cleaning","floor-cleaning",child,GREEN,green,step-by-step,"TBD",no,none,required,review-required,optional,"Routine surface cleaning — GREEN candidate after human safety review",C,no
37,"Cleaning Services","Window Cleaning","window-cleaning",child,YELLOW,yellow,safety-only,"TBD",no,none,required,review-required,optional,"Height/glass risk — household glass OK after review; high exterior = pro",C,no
38,"Cleaning Services","Glass Cleaning","glass-cleaning",child,YELLOW,yellow,safety-only,"TBD",no,none,required,review-required,optional,"Height/glass risk — household glass OK after review; high exterior = pro",C,no
39,"Cleaning Services","Carpet Cleaning","carpet-cleaning",child,YELLOW,yellow,limited-troubleshooting,"TBD",no,none,required,review-required,optional,"Specialist cleaning / dust / textiles — limited DIY; chemical safety review",C,no
40,"Cleaning Services","Sofa & Upholstery Cleaning","sofa-and-upholstery-cleaning",child,YELLOW,yellow,limited-troubleshooting,"TBD",no,none,required,review-required,optional,"Specialist cleaning / dust / textiles — limited DIY; chemical safety review",C,no
41,"Cleaning Services","Mattress Cleaning","mattress-cleaning",child,YELLOW,yellow,limited-troubleshooting,"TBD",no,none,required,review-required,optional,"Specialist cleaning / dust / textiles — limited DIY; chemical safety review",C,no
42,"General Building Maintenance","Residential Building Maintenance","residential-building-maintenance",child,YELLOW,yellow,limited-troubleshooting,"TBD",no,none,required,review-required,required,"Building maintenance — caution; stop for specialist trades",C,no
43,"General Building Maintenance","Commercial Building Maintenance","commercial-building-maintenance",child,YELLOW,yellow,limited-troubleshooting,"TBD",no,none,required,review-required,required,"Building maintenance — caution; stop for specialist trades",C,no
44,"General Building Maintenance","Villa Maintenance","villa-maintenance",child,YELLOW,yellow,limited-troubleshooting,"TBD",no,none,required,review-required,required,"Building maintenance — caution; stop for specialist trades",C,no
45,"General Building Maintenance","Apartment Maintenance","apartment-maintenance",child,YELLOW,yellow,limited-troubleshooting,"TBD",no,none,required,review-required,required,"Building maintenance — caution; stop for specialist trades",C,no
46,"General Building Maintenance","Preventive Building Maintenance","preventive-building-maintenance",child,YELLOW,yellow,limited-troubleshooting,"TBD",no,none,required,review-required,required,"Building maintenance — caution; stop for specialist trades",C,no
47,"General Building Maintenance","Corrective Building Maintenance","corrective-building-maintenance",child,YELLOW,yellow,limited-troubleshooting,"TBD",no,none,required,review-required,required,"Building maintenance — caution; stop for specialist trades",C,no
48,"General Building Maintenance","General Handyman Service","general-handyman-service",child,YELLOW,yellow,limited-troubleshooting,"TBD",no,none,required,review-required,required,"Building maintenance — caution; stop for specialist trades",C,no
49,"General Building Maintenance","Property Inspection","property-inspection",child,GREEN,green,limited-troubleshooting,"TBD",no,none,required,review-required,optional,"Observation/report checklist only",C,no
50,"General Building Maintenance","Minor Building Repairs","minor-building-repairs",child,YELLOW,yellow,limited-troubleshooting,"TBD",no,none,required,review-required,required,"Building maintenance — caution; stop for specialist trades",C,no
51,"General Building Maintenance","Common Area Maintenance","common-area-maintenance",child,REVIEW_REQUIRED,review_required,review-required,"TBD",no,none,required,required,required,"RED-adjacent civil/common-area — insufficient to invent class",D,yes
52,"General Building Maintenance","Door Repair & Adjustment","door-repair-and-adjustment",child,YELLOW,yellow,limited-troubleshooting,"TBD",no,none,required,review-required,optional,"Fixture/hardware — limited DIY after review",C,no
53,"General Building Maintenance","Door Hardware Replacement","door-hardware-replacement",child,YELLOW,yellow,limited-troubleshooting,"TBD",no,none,required,review-required,optional,"Fixture/hardware — limited DIY after review",C,no
54,"General Building Maintenance","Lock Repair & Replacement","lock-repair-and-replacement",child,YELLOW,yellow,limited-troubleshooting,"TBD",no,none,required,review-required,optional,"Fixture/hardware — limited DIY after review",C,no
55,"General Building Maintenance","Cabinet & Hardware Repair","cabinet-and-hardware-repair",child,YELLOW,yellow,limited-troubleshooting,"TBD",no,none,required,review-required,optional,"Fixture/hardware — limited DIY after review",C,no
56,"General Building Maintenance","Fixture Replacement","fixture-replacement",child,REVIEW_REQUIRED,review_required,review-required,"TBD",no,none,required,required,required,"RED-adjacent civil/common-area — insufficient to invent class",D,yes
57,"General Building Maintenance","Minor Civil Maintenance","minor-civil-maintenance",child,REVIEW_REQUIRED,review_required,review-required,"TBD",no,none,required,required,required,"RED-adjacent civil/common-area — insufficient to invent class",D,yes
58,"General Building Maintenance","General Property Repair","general-property-repair",child,YELLOW,yellow,limited-troubleshooting,"TBD",no,none,required,review-required,required,"Building maintenance — caution; stop for specialist trades",C,no
59,"Plumbing Maintenance","Plumbing Inspection","plumbing-inspection",child,YELLOW,yellow,limited-troubleshooting,"TBD",no,none,required,required,required,"Diagnosis/observation — stop if wall/ceiling wet",C,no
60,"Plumbing Maintenance","Water Leakage Detection","water-leakage-detection",child,YELLOW,yellow,limited-troubleshooting,"TBD",no,none,required,required,required,"Diagnosis/observation — stop if wall/ceiling wet",C,no
61,"Plumbing Maintenance","Water Leakage Repair","water-leakage-repair",child,RED,red,professional-recommended,"TBD",no,none,required,required,required,"In-wall / pressurized / installation plumbing — professional",C,no
62,"Plumbing Maintenance","Pipe Repair","pipe-repair",child,RED,red,professional-recommended,"TBD",no,none,required,required,required,"In-wall / pressurized / installation plumbing — professional",C,no
63,"Plumbing Maintenance","Pipe Replacement","pipe-replacement",child,RED,red,professional-recommended,"TBD",no,none,required,required,required,"In-wall / pressurized / installation plumbing — professional",C,no
64,"Plumbing Maintenance","Water Supply Line Repair","water-supply-line-repair",child,RED,red,professional-recommended,"TBD",no,none,required,required,required,"In-wall / pressurized / installation plumbing — professional",C,no
65,"Plumbing Maintenance","Drain Cleaning","drain-cleaning",child,YELLOW,yellow,limited-troubleshooting,"how-to-unclog-a-sink-safely",yes,draft,required,required,required,"Drain/sink — draft unclog guide; no chemical recipes until reviewed",A,no
66,"Plumbing Maintenance","Drain Blockage Removal","drain-blockage-removal",child,YELLOW,yellow,limited-troubleshooting,"how-to-unclog-a-sink-safely",yes,draft,required,required,required,"Drain/sink — draft unclog guide; no chemical recipes until reviewed",A,no
67,"Plumbing Maintenance","Sink Repair","sink-repair",child,YELLOW,yellow,limited-troubleshooting,"how-to-unclog-a-sink-safely",yes,draft,required,required,required,"Drain/sink — draft unclog guide; no chemical recipes until reviewed",A,no
68,"Plumbing Maintenance","Sink Installation","sink-installation",child,RED,red,professional-recommended,"TBD",no,none,required,required,required,"In-wall / pressurized / installation plumbing — professional",C,no
69,"Plumbing Maintenance","Faucet Repair","faucet-repair",child,GREEN,green,step-by-step,"how-to-fix-dripping-faucet",yes,published,required,review-required,optional,"Fixture-level faucet — reuse published dripping-faucet guide",A,no
70,"Plumbing Maintenance","Faucet Replacement","faucet-replacement",child,GREEN,green,step-by-step,"how-to-fix-dripping-faucet",yes,published,required,review-required,optional,"Fixture-level faucet — reuse published dripping-faucet guide",A,no
71,"Plumbing Maintenance","Shower Repair","shower-repair",child,YELLOW,yellow,limited-troubleshooting,"TBD",no,none,required,required,required,"Fixture repair possible with isolation; sewage/concealed = stop",C,no
72,"Plumbing Maintenance","Shower Mixer Replacement","shower-mixer-replacement",child,RED,red,professional-recommended,"TBD",no,none,required,required,required,"In-wall / pressurized / installation plumbing — professional",C,no
73,"Plumbing Maintenance","Toilet Repair","toilet-repair",child,YELLOW,yellow,limited-troubleshooting,"TBD",no,none,required,required,required,"Fixture repair possible with isolation; sewage/concealed = stop",C,no
74,"Plumbing Maintenance","Toilet Installation","toilet-installation",child,RED,red,professional-recommended,"TBD",no,none,required,required,required,"In-wall / pressurized / installation plumbing — professional",C,no
75,"Plumbing Maintenance","Running Toilet Repair","running-toilet-repair",child,YELLOW,yellow,limited-troubleshooting,"TBD",no,none,required,required,required,"Fixture repair possible with isolation; sewage/concealed = stop",C,no
76,"Plumbing Maintenance","Water Pressure Problem Diagnosis","water-pressure-problem-diagnosis",child,YELLOW,yellow,limited-troubleshooting,"TBD",no,none,required,required,required,"Diagnosis/observation — stop if wall/ceiling wet",C,no
77,"Plumbing Maintenance","Floor Drain Repair","floor-drain-repair",child,YELLOW,yellow,limited-troubleshooting,"how-to-unclog-a-sink-safely",yes,draft,required,required,required,"Drain/sink — draft unclog guide; no chemical recipes until reviewed",A,no
78,"Electrical Maintenance","Electrical Inspection","electrical-inspection",child,RED,red,safety-only,"TBD",no,none,required,required,required,"Electrical default RED posture — observation/stop/CTA only",C,no
79,"Electrical Maintenance","Electrical Fault Finding","electrical-fault-finding",child,RED,red,professional-recommended,"TBD",no,none,required,required,required,"Live/internal electrical work — no repair DIY steps",C,no
80,"Electrical Maintenance","Socket Repair","socket-repair",child,RED,red,professional-recommended,"TBD",no,none,required,required,required,"Live/internal electrical work — no repair DIY steps",C,no
81,"Electrical Maintenance","Socket Replacement","socket-replacement",child,RED,red,professional-recommended,"TBD",no,none,required,required,required,"Live/internal electrical work — no repair DIY steps",C,no
82,"Electrical Maintenance","Switch Repair","switch-repair",child,RED,red,professional-recommended,"TBD",no,none,required,required,required,"Live/internal electrical work — no repair DIY steps",C,no
83,"Electrical Maintenance","Switch Replacement","switch-replacement",child,RED,red,professional-recommended,"TBD",no,none,required,required,required,"Live/internal electrical work — no repair DIY steps",C,no
84,"Electrical Maintenance","Light Installation","light-installation",child,RED,red,professional-recommended,"TBD",no,none,required,required,required,"Live/internal electrical work — no repair DIY steps",C,no
85,"Electrical Maintenance","Light Repair","light-repair",child,RED,red,professional-recommended,"TBD",no,none,required,required,required,"Live/internal electrical work — no repair DIY steps",C,no
86,"Electrical Maintenance","LED Light Installation","led-light-installation",child,RED,red,professional-recommended,"TBD",no,none,required,required,required,"Live/internal electrical work — no repair DIY steps",C,no
87,"Electrical Maintenance","LED Light Replacement","led-light-replacement",child,RED,red,professional-recommended,"TBD",no,none,required,required,required,"Live/internal electrical work — no repair DIY steps",C,no
88,"Electrical Maintenance","Wiring Inspection","wiring-inspection",child,RED,red,safety-only,"TBD",no,none,required,required,required,"Live/internal electrical work — no repair DIY steps",C,no
89,"Electrical Maintenance","Wiring Repair","wiring-repair",child,RED,red,professional-recommended,"TBD",no,none,required,required,required,"Live/internal electrical work — no repair DIY steps",C,no
90,"Electrical Maintenance","Wiring Replacement","wiring-replacement",child,RED,red,professional-recommended,"TBD",no,none,required,required,required,"Live/internal electrical work — no repair DIY steps",C,no
91,"Electrical Maintenance","Circuit Breaker Inspection","circuit-breaker-inspection",child,RED,red,safety-only,"TBD",no,none,required,required,required,"Live/internal electrical work — no repair DIY steps",C,no
92,"Electrical Maintenance","Circuit Breaker Replacement","circuit-breaker-replacement",child,RED,red,professional-recommended,"TBD",no,none,required,required,required,"Live/internal electrical work — no repair DIY steps",C,no
93,"Electrical Maintenance","Distribution Board Inspection","distribution-board-inspection",child,RED,red,safety-only,"TBD",no,none,required,required,required,"Live/internal electrical work — no repair DIY steps",C,no
94,"Electrical Maintenance","Short-Circuit Diagnosis","short-circuit-diagnosis",child,RED,red,professional-recommended,"TBD",no,none,required,required,required,"Live/internal electrical work — no repair DIY steps",C,no
95,"AC / Air Conditioning Maintenance","AC Inspection","ac-inspection",child,YELLOW,yellow,limited-troubleshooting,"TBD",no,none,required,review-required,required,"User-accessible cleaning/servicing framing; no sealed-system steps",C,no
96,"AC / Air Conditioning Maintenance","AC Servicing","ac-servicing",child,YELLOW,yellow,limited-troubleshooting,"how-to-clean-ac-filter",yes,published,required,review-required,required,"User-accessible cleaning/servicing framing; no sealed-system steps",C,no
97,"AC / Air Conditioning Maintenance","AC Cleaning","ac-cleaning",child,YELLOW,yellow,limited-troubleshooting,"how-to-clean-ac-filter",yes,published,required,review-required,required,"User-accessible cleaning/servicing framing; no sealed-system steps",B,no
98,"AC / Air Conditioning Maintenance","AC Filter Cleaning","ac-filter-cleaning",child,GREEN,green,step-by-step,"how-to-clean-ac-filter",yes,published,required,review-required,optional,"Exact match to published AC filter guide",A,no
99,"AC / Air Conditioning Maintenance","AC Drain Cleaning","ac-drain-cleaning",child,YELLOW,yellow,limited-troubleshooting,"TBD",no,none,required,required,required,"Diagnosis framing without opening sealed systems",C,no
100,"AC / Air Conditioning Maintenance","AC Drain Pipe Repair","ac-drain-pipe-repair",child,RED,red,professional-recommended,"TBD",no,none,required,required,required,"Installation / refrigerant / complex system — professional",C,no
101,"AC / Air Conditioning Maintenance","AC Water Leakage Repair","ac-water-leakage-repair",child,RED,red,professional-recommended,"TBD",no,none,required,required,required,"Installation / refrigerant / complex system — professional",C,no
102,"AC / Air Conditioning Maintenance","AC Cooling Problem Diagnosis","ac-cooling-problem-diagnosis",child,YELLOW,yellow,limited-troubleshooting,"TBD",no,none,required,required,required,"Diagnosis framing without opening sealed systems",C,no
103,"AC / Air Conditioning Maintenance","AC Gas Check","ac-gas-check",child,RED,red,professional-recommended,"TBD",no,none,required,required,required,"Refrigerant / AC gas — sealed system; no DIY charging",C,no
104,"AC / Air Conditioning Maintenance","AC Gas Recharge","ac-gas-recharge",child,RED,red,professional-recommended,"TBD",no,none,required,required,required,"Refrigerant / AC gas — sealed system; no DIY charging",C,no
105,"AC / Air Conditioning Maintenance","AC Noise Problem Diagnosis","ac-noise-problem-diagnosis",child,YELLOW,yellow,limited-troubleshooting,"TBD",no,none,required,required,required,"Diagnosis framing without opening sealed systems",C,no
106,"AC / Air Conditioning Maintenance","AC Installation","ac-installation",child,RED,red,professional-recommended,"TBD",no,none,required,required,required,"Installation / refrigerant / complex system — professional",C,no
107,"AC / Air Conditioning Maintenance","AC Replacement","ac-replacement",child,RED,red,professional-recommended,"TBD",no,none,required,required,required,"Installation / refrigerant / complex system — professional",C,no
108,"AC / Air Conditioning Maintenance","Split AC Maintenance","split-ac-maintenance",child,YELLOW,yellow,limited-troubleshooting,"how-to-clean-ac-filter",yes,published,required,review-required,required,"User-accessible cleaning/servicing framing; no sealed-system steps",C,no
109,"AC / Air Conditioning Maintenance","Central AC Maintenance","central-ac-maintenance",child,RED,red,professional-recommended,"TBD",no,none,required,required,required,"Installation / refrigerant / complex system — professional",C,no
110,"AC / Air Conditioning Maintenance","Ducted AC Maintenance","ducted-ac-maintenance",child,RED,red,professional-recommended,"TBD",no,none,required,required,required,"Installation / refrigerant / complex system — professional",C,no
111,"AC / Air Conditioning Maintenance","Package AC Maintenance","package-ac-maintenance",child,RED,red,professional-recommended,"TBD",no,none,required,required,required,"Installation / refrigerant / complex system — professional",C,no
112,"AC / Air Conditioning Maintenance","AC Preventive Maintenance","ac-preventive-maintenance",child,YELLOW,yellow,limited-troubleshooting,"how-to-clean-ac-filter",yes,published,required,review-required,required,"User-accessible cleaning/servicing framing; no sealed-system steps",C,no
113,"Painting Services","Interior Painting","interior-painting",child,YELLOW,yellow,limited-troubleshooting,"how-to-touch-up-interior-paint",yes,draft,required,review-required,optional,"Interior paint — share touch-up pattern; stop for height/damp",B,no
114,"Painting Services","Exterior Painting","exterior-painting",child,RED,red,professional-recommended,"TBD",no,none,required,required,required,"Exterior/height painting — non-negotiable RED; professional only",C,no
115,"Painting Services","Residential Painting","residential-painting",child,YELLOW,yellow,limited-troubleshooting,"how-to-touch-up-interior-paint",yes,draft,required,review-required,optional,"Painting child — default YELLOW until scoped",B,no
116,"Painting Services","Villa Painting","villa-painting",child,YELLOW,yellow,limited-troubleshooting,"TBD",no,none,required,required,required,"Specialty coating — caution until reviewed",C,no
117,"Painting Services","Apartment Painting","apartment-painting",child,YELLOW,yellow,limited-troubleshooting,"how-to-touch-up-interior-paint",yes,draft,required,review-required,optional,"Painting child — default YELLOW until scoped",B,no
118,"Painting Services","Office Painting","office-painting",child,YELLOW,yellow,limited-troubleshooting,"TBD",no,none,required,required,required,"Specialty coating — caution until reviewed",C,no
119,"Painting Services","Commercial Painting","commercial-painting",child,YELLOW,yellow,limited-troubleshooting,"TBD",no,none,required,required,required,"Specialty coating — caution until reviewed",C,no
120,"Painting Services","Wall Painting","wall-painting",child,YELLOW,yellow,limited-troubleshooting,"how-to-touch-up-interior-paint",yes,draft,required,review-required,optional,"Interior paint — share touch-up pattern; stop for height/damp",B,no
121,"Painting Services","Ceiling Painting","ceiling-painting",child,RED,red,professional-recommended,"TBD",no,none,required,required,required,"Ceiling/height painting — non-negotiable RED; professional only",C,no
122,"Painting Services","Door Painting","door-painting",child,YELLOW,yellow,limited-troubleshooting,"how-to-touch-up-interior-paint",yes,draft,required,review-required,optional,"Interior paint — share touch-up pattern; stop for height/damp",B,no
123,"Painting Services","Metal Painting","metal-painting",child,YELLOW,yellow,limited-troubleshooting,"TBD",no,none,required,required,required,"Specialty coating — caution until reviewed",C,no
124,"Painting Services","Wood Painting","wood-painting",child,YELLOW,yellow,limited-troubleshooting,"TBD",no,none,required,required,required,"Specialty coating — caution until reviewed",C,no
125,"Painting Services","Repainting","repainting",child,YELLOW,yellow,limited-troubleshooting,"how-to-touch-up-interior-paint",yes,draft,required,review-required,optional,"Interior paint — share touch-up pattern; stop for height/damp",B,no
126,"Painting Services","Touch-Up Painting","touch-up-painting",child,GREEN,green,step-by-step,"how-to-touch-up-interior-paint",yes,draft,required,review-required,optional,"Maps to draft touch-up guide",A,no
127,"Painting Services","Texture Painting","texture-painting",child,YELLOW,yellow,limited-troubleshooting,"TBD",no,none,required,required,required,"Specialty coating — caution until reviewed",C,no
128,"Painting Services","Decorative Painting","decorative-painting",child,YELLOW,yellow,limited-troubleshooting,"TBD",no,none,required,required,required,"Specialty coating — caution until reviewed",C,no
129,"Wall Maintenance & Repair","Wall Inspection","wall-inspection",child,YELLOW,yellow,limited-troubleshooting,"how-to-check-a-small-wall-crack",yes,draft,required,required,required,"Observation/photo only; reuse crack-check draft",A,no
130,"Wall Maintenance & Repair","Wall Crack Repair","wall-crack-repair",child,YELLOW,yellow,limited-troubleshooting,"how-to-check-a-small-wall-crack",yes,draft,required,required,required,"Observation/photo only; reuse crack-check draft",A,no
131,"Wall Maintenance & Repair","Structural Crack Assessment","structural-crack-assessment",child,RED,red,professional-recommended,"TBD",no,none,required,required,required,"Structural crack assessment — no DIY repair; specialist review",C,no
132,"Wall Maintenance & Repair","Plaster Repair","plaster-repair",child,YELLOW,yellow,limited-troubleshooting,"TBD",no,none,required,required,required,"Surface repair possible at small scale after review; structural = stop",C,no
133,"Wall Maintenance & Repair","Wall Hole Repair","wall-hole-repair",child,YELLOW,yellow,limited-troubleshooting,"TBD",no,none,required,required,required,"Surface repair possible at small scale after review; structural = stop",C,no
134,"Wall Maintenance & Repair","Wall Damage Repair","wall-damage-repair",child,YELLOW,yellow,limited-troubleshooting,"TBD",no,none,required,required,required,"Surface repair possible at small scale after review; structural = stop",C,no
135,"Wall Maintenance & Repair","Damp Wall Repair","damp-wall-repair",child,RED,red,professional-recommended,"TBD",no,none,required,required,required,"Moisture/mold treatment methods or partition work — professional until reviewed",C,no
136,"Wall Maintenance & Repair","Moisture Damage Repair","moisture-damage-repair",child,RED,red,professional-recommended,"TBD",no,none,required,required,required,"Moisture/mold treatment methods or partition work — professional until reviewed",C,no
137,"Wall Maintenance & Repair","Mold-Affected Wall Treatment","mold-affected-wall-treatment",child,RED,red,professional-recommended,"TBD",no,none,required,required,required,"Moisture/mold treatment methods or partition work — professional until reviewed",C,no
138,"Wall Maintenance & Repair","Peeling Paint Repair","peeling-paint-repair",child,YELLOW,yellow,limited-troubleshooting,"how-to-check-a-small-wall-crack",yes,draft,required,required,required,"Observation/photo only; reuse crack-check draft",A,no
139,"Wall Maintenance & Repair","Wall Patching","wall-patching",child,YELLOW,yellow,limited-troubleshooting,"TBD",no,none,required,required,required,"Surface repair possible at small scale after review; structural = stop",C,no
140,"Wall Maintenance & Repair","Wall Skimming","wall-skimming",child,YELLOW,yellow,limited-troubleshooting,"TBD",no,none,required,required,required,"Surface repair possible at small scale after review; structural = stop",C,no
141,"Wall Maintenance & Repair","Surface Preparation","surface-preparation",child,YELLOW,yellow,limited-troubleshooting,"TBD",no,none,required,required,required,"Surface repair possible at small scale after review; structural = stop",C,no
142,"Wall Maintenance & Repair","Gypsum Wall Repair","gypsum-wall-repair",child,YELLOW,yellow,limited-troubleshooting,"TBD",no,none,required,required,required,"Surface repair possible at small scale after review; structural = stop",C,no
143,"Wall Maintenance & Repair","Partition Wall Repair","partition-wall-repair",child,RED,red,professional-recommended,"TBD",no,none,required,required,required,"Moisture/mold treatment methods or partition work — professional until reviewed",C,no
144,"Swimming Pool Cleaning & Maintenance","Swimming Pool Inspection","swimming-pool-inspection",child,GREEN,green,step-by-step,"TBD",no,none,required,required,optional,"Surface cleaning / visual — GREEN candidate after review",C,no
145,"Swimming Pool Cleaning & Maintenance","Swimming Pool Cleaning","swimming-pool-cleaning",child,GREEN,green,step-by-step,"TBD",no,none,required,required,optional,"Surface cleaning / visual — GREEN candidate after review",C,no
146,"Swimming Pool Cleaning & Maintenance","Pool Vacuum Cleaning","pool-vacuum-cleaning",child,GREEN,green,step-by-step,"TBD",no,none,required,required,optional,"Surface cleaning / visual — GREEN candidate after review",C,no
147,"Swimming Pool Cleaning & Maintenance","Pool Skimming","pool-skimming",child,GREEN,green,step-by-step,"TBD",no,none,required,required,optional,"Surface cleaning / visual — GREEN candidate after review",C,no
148,"Swimming Pool Cleaning & Maintenance","Pool Water Testing","pool-water-testing",child,REVIEW_REQUIRED,review_required,review-required,"TBD",no,none,required,required,required,"Chemistry/filter dosing or method insufficient without human review",D,yes
149,"Swimming Pool Cleaning & Maintenance","Pool Chemical Balancing","pool-chemical-balancing",child,REVIEW_REQUIRED,review_required,review-required,"TBD",no,none,required,required,required,"Hazardous chemical dosing — do not invent doses; human safety+AR review",D,yes
150,"Swimming Pool Cleaning & Maintenance","Pool Filter Cleaning","pool-filter-cleaning",child,REVIEW_REQUIRED,review_required,review-required,"TBD",no,none,required,required,required,"Chemistry/filter dosing or method insufficient without human review",D,yes
151,"Swimming Pool Cleaning & Maintenance","Pool Filter Maintenance","pool-filter-maintenance",child,REVIEW_REQUIRED,review_required,review-required,"TBD",no,none,required,required,required,"Chemistry/filter dosing or method insufficient without human review",D,yes
152,"Swimming Pool Cleaning & Maintenance","Pool Pump Inspection","pool-pump-inspection",child,RED,red,professional-recommended,"TBD",no,none,required,required,required,"Pump electrical / structural leak / equipment room — professional",C,no
153,"Swimming Pool Cleaning & Maintenance","Pool Pump Maintenance","pool-pump-maintenance",child,RED,red,professional-recommended,"TBD",no,none,required,required,required,"Pump electrical / structural leak / equipment room — professional",C,no
154,"Swimming Pool Cleaning & Maintenance","Pool Tile Cleaning","pool-tile-cleaning",child,GREEN,green,step-by-step,"TBD",no,none,required,required,optional,"Surface cleaning / visual — GREEN candidate after review",C,no
155,"Swimming Pool Cleaning & Maintenance","Pool Drain Cleaning","pool-drain-cleaning",child,REVIEW_REQUIRED,review_required,review-required,"TBD",no,none,required,required,required,"Chemistry/filter dosing or method insufficient without human review",D,yes
156,"Swimming Pool Cleaning & Maintenance","Pool Equipment Inspection","pool-equipment-inspection",child,RED,red,professional-recommended,"TBD",no,none,required,required,required,"Pump electrical / structural leak / equipment room — professional",C,no
157,"Swimming Pool Cleaning & Maintenance","Pool Leak Inspection","pool-leak-inspection",child,RED,red,professional-recommended,"TBD",no,none,required,required,required,"Pump electrical / structural leak / equipment room — professional",C,no
158,"Swimming Pool Cleaning & Maintenance","Residential Pool Maintenance","residential-pool-maintenance",child,YELLOW,yellow,limited-troubleshooting,"TBD",no,none,required,required,required,"Pool maintenance default YELLOW",C,no
159,"Sauna Room Cleaning & Maintenance","Sauna Inspection","sauna-inspection",child,YELLOW,yellow,limited-troubleshooting,"TBD",no,none,required,required,required,"Sauna default YELLOW",C,no
160,"Sauna Room Cleaning & Maintenance","Sauna Deep Cleaning","sauna-deep-cleaning",child,GREEN,green,step-by-step,"TBD",no,none,required,required,optional,"Surface cleaning GREEN candidate",C,no
161,"Sauna Room Cleaning & Maintenance","Sauna Regular Cleaning","sauna-regular-cleaning",child,GREEN,green,step-by-step,"TBD",no,none,required,required,optional,"Surface cleaning GREEN candidate",C,no
162,"Sauna Room Cleaning & Maintenance","Sauna Disinfection","sauna-disinfection",child,REVIEW_REQUIRED,review_required,review-required,"TBD",no,none,required,required,required,"Disinfection chemistry — no invented doses",D,yes
163,"Sauna Room Cleaning & Maintenance","Sauna Bench Cleaning","sauna-bench-cleaning",child,GREEN,green,step-by-step,"TBD",no,none,required,required,optional,"Surface cleaning GREEN candidate",C,no
164,"Sauna Room Cleaning & Maintenance","Sauna Floor Cleaning","sauna-floor-cleaning",child,GREEN,green,step-by-step,"TBD",no,none,required,required,optional,"Surface cleaning GREEN candidate",C,no
165,"Sauna Room Cleaning & Maintenance","Sauna Wall Cleaning","sauna-wall-cleaning",child,GREEN,green,step-by-step,"TBD",no,none,required,required,optional,"Surface cleaning GREEN candidate",C,no
166,"Sauna Room Cleaning & Maintenance","Sauna Glass Cleaning","sauna-glass-cleaning",child,GREEN,green,step-by-step,"TBD",no,none,required,required,optional,"Surface cleaning GREEN candidate",C,no
167,"Sauna Room Cleaning & Maintenance","Sauna Heater Inspection","sauna-heater-inspection",child,RED,red,professional-recommended,"TBD",no,none,required,required,required,"Heater/ventilation — electrical/gas/air — professional",C,no
168,"Sauna Room Cleaning & Maintenance","Sauna Heater Maintenance","sauna-heater-maintenance",child,RED,red,professional-recommended,"TBD",no,none,required,required,required,"Heater/ventilation — electrical/gas/air — professional",C,no
169,"Sauna Room Cleaning & Maintenance","Sauna Ventilation Inspection","sauna-ventilation-inspection",child,RED,red,professional-recommended,"TBD",no,none,required,required,required,"Heater/ventilation — electrical/gas/air — professional",C,no
170,"Sauna Room Cleaning & Maintenance","Sauna Door Maintenance","sauna-door-maintenance",child,GREEN,green,step-by-step,"TBD",no,none,required,required,optional,"Surface cleaning GREEN candidate",C,no
171,"Sauna Room Cleaning & Maintenance","Sauna Wood Treatment","sauna-wood-treatment",child,REVIEW_REQUIRED,review_required,review-required,"TBD",no,none,required,required,required,"Treatment method needs human review",D,yes
172,"Sauna Room Cleaning & Maintenance","Sauna Equipment Inspection","sauna-equipment-inspection",child,REVIEW_REQUIRED,review_required,review-required,"TBD",no,none,required,required,required,"Treatment method needs human review",D,yes
173,"Water Tank Cleaning & Maintenance","Water Tank Inspection","water-tank-inspection",child,YELLOW,yellow,safety-only,"TBD",no,none,required,required,required,"Exterior visual / lid check; rooftop = height hazard",C,no
174,"Water Tank Cleaning & Maintenance","Water Tank Cleaning","water-tank-cleaning-service",child,RED,red,professional-recommended,"TBD",no,none,required,required,required,"Tank cleaning typically confined-space / contamination control — professional default",C,no
175,"Water Tank Cleaning & Maintenance","Water Tank Disinfection","water-tank-disinfection",child,REVIEW_REQUIRED,review_required,review-required,"TBD",no,none,required,required,required,"Hazardous chemical dosing — do not invent doses; human safety+AR review",D,yes
176,"Water Tank Cleaning & Maintenance","Water Tank Sanitization","water-tank-sanitization",child,REVIEW_REQUIRED,review_required,review-required,"TBD",no,none,required,required,required,"Hazardous chemical dosing — do not invent doses; human safety+AR review",D,yes
177,"Water Tank Cleaning & Maintenance","Water Tank Leak Inspection","water-tank-leak-inspection",child,RED,red,professional-recommended,"TBD",no,none,required,required,required,"Tank mechanical/leak repair — professional",C,no
178,"Water Tank Cleaning & Maintenance","Water Tank Cover Repair","water-tank-cover-repair",child,RED,red,professional-recommended,"TBD",no,none,required,required,required,"Tank mechanical/leak repair — professional",C,no
179,"Water Tank Cleaning & Maintenance","Water Tank Valve Repair","water-tank-valve-repair",child,RED,red,professional-recommended,"TBD",no,none,required,required,required,"Tank mechanical/leak repair — professional",C,no
180,"Water Tank Cleaning & Maintenance","Tank Pipe Connection Repair","tank-pipe-connection-repair",child,RED,red,professional-recommended,"TBD",no,none,required,required,required,"Tank mechanical/leak repair — professional",C,no
181,"Water Tank Cleaning & Maintenance","Tank Overflow Repair","tank-overflow-repair",child,RED,red,professional-recommended,"TBD",no,none,required,required,required,"Tank mechanical/leak repair — professional",C,no
182,"Water Tank Cleaning & Maintenance","Float Valve Repair","float-valve-repair",child,RED,red,professional-recommended,"TBD",no,none,required,required,required,"Tank mechanical/leak repair — professional",C,no
183,"Water Tank Cleaning & Maintenance","Residential Water Tank Cleaning","residential-water-tank-cleaning",child,RED,red,professional-recommended,"TBD",no,none,required,required,required,"Tank cleaning typically confined-space / contamination control — professional default",C,no
184,"Water Tank Cleaning & Maintenance","Villa Water Tank Cleaning","villa-water-tank-cleaning",child,RED,red,professional-recommended,"TBD",no,none,required,required,required,"Tank cleaning typically confined-space / contamination control — professional default",C,no
185,"Water Tank Cleaning & Maintenance","Commercial Water Tank Cleaning","commercial-water-tank-cleaning",child,RED,red,professional-recommended,"TBD",no,none,required,required,required,"Tank cleaning typically confined-space / contamination control — professional default",C,no
186,"Water Tank Cleaning & Maintenance","Underground Water Tank Cleaning","underground-water-tank-cleaning",child,RED,red,professional-recommended,"TBD",no,none,required,required,required,"Underground/confined tank entry — professional protocol required",C,no
187,"Water Tank Cleaning & Maintenance","Rooftop Water Tank Cleaning","rooftop-water-tank-cleaning",child,RED,red,professional-recommended,"TBD",no,none,required,required,required,"Rooftop/height + tank work — non-negotiable RED; professional only",C,no
188,"Water Tank Cleaning & Maintenance","Scheduled Water Tank Maintenance","scheduled-water-tank-maintenance",child,RED,red,professional-recommended,"TBD",no,none,required,required,required,"Tank cleaning typically confined-space / contamination control — professional default",C,no
189,"Refrigerator Maintenance / Repair","Refrigerator Inspection","refrigerator-inspection",child,GREEN,green,limited-troubleshooting,"TBD",no,none,required,required,optional,"User-accessible cleaning/seal/visual",C,no
190,"Refrigerator Maintenance / Repair","Refrigerator Cooling Problem","refrigerator-cooling-problem",child,RED,red,professional-recommended,"TBD",no,none,required,required,required,"Internal appliance repair — professional-recommended",C,no
191,"Refrigerator Maintenance / Repair","Refrigerator Freezing Problem","refrigerator-freezing-problem",child,RED,red,professional-recommended,"TBD",no,none,required,required,required,"Internal appliance repair — professional-recommended",C,no
192,"Refrigerator Maintenance / Repair","Refrigerator Water Leakage","refrigerator-water-leakage",child,RED,red,professional-recommended,"TBD",no,none,required,required,required,"Internal appliance repair — professional-recommended",C,no
193,"Refrigerator Maintenance / Repair","Refrigerator Ice Formation Problem","refrigerator-ice-formation-problem",child,RED,red,professional-recommended,"TBD",no,none,required,required,required,"Internal appliance repair — professional-recommended",C,no
194,"Refrigerator Maintenance / Repair","Refrigerator Thermostat Inspection","refrigerator-thermostat-inspection",child,GREEN,green,limited-troubleshooting,"TBD",no,none,required,required,optional,"User-accessible cleaning/seal/visual",C,no
195,"Refrigerator Maintenance / Repair","Refrigerator Compressor Inspection","refrigerator-compressor-inspection",child,RED,red,professional-recommended,"TBD",no,none,required,required,required,"Sealed-system / compressor / live electrical — professional only",C,no
196,"Refrigerator Maintenance / Repair","Refrigerator Compressor Replacement","refrigerator-compressor-replacement",child,RED,red,professional-recommended,"TBD",no,none,required,required,required,"Sealed-system / compressor / live electrical — professional only",C,no
197,"Refrigerator Maintenance / Repair","Refrigerator Fan Motor Repair","refrigerator-fan-motor-repair",child,RED,red,professional-recommended,"TBD",no,none,required,required,required,"Internal appliance repair — professional-recommended",C,no
198,"Refrigerator Maintenance / Repair","Refrigerator Door Seal Replacement","refrigerator-door-seal-replacement",child,YELLOW,yellow,limited-troubleshooting,"TBD",no,none,required,required,optional,"User-accessible cleaning/seal/visual",C,no
199,"Refrigerator Maintenance / Repair","Refrigerator Door Hinge Repair","refrigerator-door-hinge-repair",child,YELLOW,yellow,limited-troubleshooting,"TBD",no,none,required,required,optional,"User-accessible cleaning/seal/visual",C,no
200,"Refrigerator Maintenance / Repair","Refrigerator Temperature Control Repair","refrigerator-temperature-control-repair",child,RED,red,professional-recommended,"TBD",no,none,required,required,required,"Internal appliance repair — professional-recommended",C,no
201,"Refrigerator Maintenance / Repair","Refrigerator Drain Blockage Repair","refrigerator-drain-blockage-repair",child,YELLOW,yellow,limited-troubleshooting,"TBD",no,none,required,required,required,"Drain observation — limited",C,no
202,"Refrigerator Maintenance / Repair","Refrigerator Electrical Fault Diagnosis","refrigerator-electrical-fault-diagnosis",child,RED,red,professional-recommended,"TBD",no,none,required,required,required,"Sealed-system / compressor / live electrical — professional only",C,no
203,"Refrigerator Maintenance / Repair","Refrigerator Cleaning","refrigerator-cleaning",child,GREEN,green,step-by-step,"TBD",no,none,required,required,optional,"User-accessible cleaning/seal/visual",C,no
204,"Microwave Maintenance / Repair","Microwave Inspection","microwave-inspection",child,GREEN,green,step-by-step,"TBD",no,none,required,required,optional,"Cool cavity cleaning / visual inspection only",C,no
205,"Microwave Maintenance / Repair","Microwave Heating Problem","microwave-heating-problem",child,RED,red,professional-recommended,"TBD",no,none,required,required,required,"Microwave HV/magnetron-adjacent internals — specialist safety review",C,no
206,"Microwave Maintenance / Repair","Microwave No-Power Diagnosis","microwave-no-power-diagnosis",child,RED,red,professional-recommended,"TBD",no,none,required,required,required,"Microwave HV/magnetron-adjacent internals — specialist safety review",C,no
207,"Microwave Maintenance / Repair","Microwave Spark Problem","microwave-spark-problem",child,RED,red,professional-recommended,"TBD",no,none,required,required,required,"Microwave HV/magnetron-adjacent internals — specialist safety review",C,no
208,"Microwave Maintenance / Repair","Microwave Turntable Problem","microwave-turntable-problem",child,REVIEW_REQUIRED,review_required,review-required,"TBD",no,none,required,required,required,"May be cosmetic or interlock-related — human confirm (HV risk)",D,yes
209,"Microwave Maintenance / Repair","Microwave Door Problem","microwave-door-problem",child,REVIEW_REQUIRED,review_required,review-required,"TBD",no,none,required,required,required,"May be cosmetic or interlock-related — human confirm (HV risk)",D,yes
210,"Microwave Maintenance / Repair","Microwave Door Switch Repair","microwave-door-switch-repair",child,RED,red,professional-recommended,"TBD",no,none,required,required,required,"Microwave HV/magnetron-adjacent internals — specialist safety review",C,no
211,"Microwave Maintenance / Repair","Microwave Fuse Replacement","microwave-fuse-replacement",child,RED,red,professional-recommended,"TBD",no,none,required,required,required,"Microwave HV/magnetron-adjacent internals — specialist safety review",C,no
212,"Microwave Maintenance / Repair","Microwave Control Panel Problem","microwave-control-panel-problem",child,RED,red,professional-recommended,"TBD",no,none,required,required,required,"Microwave HV/magnetron-adjacent internals — specialist safety review",C,no
213,"Microwave Maintenance / Repair","Microwave Display Problem","microwave-display-problem",child,RED,red,professional-recommended,"TBD",no,none,required,required,required,"Microwave HV/magnetron-adjacent internals — specialist safety review",C,yes
214,"Microwave Maintenance / Repair","Microwave Fan Problem","microwave-fan-problem",child,RED,red,professional-recommended,"TBD",no,none,required,required,required,"Microwave HV/magnetron-adjacent internals — specialist safety review",C,no
215,"Microwave Maintenance / Repair","Microwave Internal Cleaning","microwave-internal-cleaning",child,GREEN,green,step-by-step,"TBD",no,none,required,required,optional,"Cool cavity cleaning / visual inspection only",C,no
216,"Microwave Maintenance / Repair","Microwave Electrical Diagnosis","microwave-electrical-diagnosis",child,RED,red,professional-recommended,"TBD",no,none,required,required,required,"Microwave HV/magnetron-adjacent internals — specialist safety review",C,no
217,"Washing Machine Maintenance / Repair","Washing Machine Inspection","washing-machine-inspection",child,YELLOW,yellow,limited-troubleshooting,"TBD",no,none,required,required,required,"Symptom checks / leveling / hose visual — limited troubleshooting",C,no
218,"Washing Machine Maintenance / Repair","Washing Machine Not Starting","washing-machine-not-starting",child,YELLOW,yellow,limited-troubleshooting,"TBD",no,none,required,required,required,"Symptom checks / leveling / hose visual — limited troubleshooting",C,no
219,"Washing Machine Maintenance / Repair","Washing Machine Not Spinning","washing-machine-not-spinning",child,YELLOW,yellow,limited-troubleshooting,"TBD",no,none,required,required,required,"Symptom checks / leveling / hose visual — limited troubleshooting",C,no
220,"Washing Machine Maintenance / Repair","Washing Machine Water Filling Problem","washing-machine-water-filling-problem",child,YELLOW,yellow,limited-troubleshooting,"TBD",no,none,required,required,required,"Symptom checks / leveling / hose visual — limited troubleshooting",C,no
221,"Washing Machine Maintenance / Repair","Washing Machine Drainage Problem","washing-machine-drainage-problem",child,YELLOW,yellow,limited-troubleshooting,"TBD",no,none,required,required,required,"Symptom checks / leveling / hose visual — limited troubleshooting",C,no
222,"Washing Machine Maintenance / Repair","Washing Machine Water Leakage","washing-machine-water-leakage",child,YELLOW,yellow,limited-troubleshooting,"TBD",no,none,required,required,required,"Symptom checks / leveling / hose visual — limited troubleshooting",C,no
223,"Washing Machine Maintenance / Repair","Washing Machine Excessive Noise","washing-machine-excessive-noise",child,YELLOW,yellow,limited-troubleshooting,"TBD",no,none,required,required,required,"Symptom checks / leveling / hose visual — limited troubleshooting",C,no
224,"Washing Machine Maintenance / Repair","Washing Machine Vibration Problem","washing-machine-vibration-problem",child,YELLOW,yellow,limited-troubleshooting,"TBD",no,none,required,required,required,"Symptom checks / leveling / hose visual — limited troubleshooting",C,no
225,"Washing Machine Maintenance / Repair","Washing Machine Door Lock Problem","washing-machine-door-lock-problem",child,RED,red,professional-recommended,"TBD",no,none,required,required,required,"Internal mechanical/electrical repair — professional",C,no
226,"Washing Machine Maintenance / Repair","Washing Machine Drum Problem","washing-machine-drum-problem",child,RED,red,professional-recommended,"TBD",no,none,required,required,required,"Internal mechanical/electrical repair — professional",C,no
227,"Washing Machine Maintenance / Repair","Washing Machine Pump Repair","washing-machine-pump-repair",child,RED,red,professional-recommended,"TBD",no,none,required,required,required,"Internal mechanical/electrical repair — professional",C,no
228,"Washing Machine Maintenance / Repair","Washing Machine Motor Inspection","washing-machine-motor-inspection",child,YELLOW,yellow,limited-troubleshooting,"TBD",no,none,required,required,required,"Symptom checks / leveling / hose visual — limited troubleshooting",C,no
229,"Washing Machine Maintenance / Repair","Washing Machine Belt Replacement","washing-machine-belt-replacement",child,RED,red,professional-recommended,"TBD",no,none,required,required,required,"Internal mechanical/electrical repair — professional",C,no
230,"Washing Machine Maintenance / Repair","Washing Machine Control Board Diagnosis","washing-machine-control-board-diagnosis",child,RED,red,professional-recommended,"TBD",no,none,required,required,required,"Internal mechanical/electrical repair — professional",C,no
231,"Washing Machine Maintenance / Repair","Washing Machine Filter Cleaning","washing-machine-filter-cleaning",child,GREEN,green,step-by-step,"TBD",no,none,required,required,optional,"User-accessible filter clean",C,no
232,"Washing Machine Maintenance / Repair","Washing Machine Preventive Maintenance","washing-machine-preventive-maintenance",child,YELLOW,yellow,limited-troubleshooting,"TBD",no,none,required,required,required,"Symptom checks / leveling / hose visual — limited troubleshooting",C,no
233,"Water Heater Maintenance / Repair","Water Heater Inspection","water-heater-inspection",child,YELLOW,yellow,safety-only,"TBD",no,none,required,required,required,"Exterior/visual or scale awareness — no live element DIY",C,no
234,"Water Heater Maintenance / Repair","Water Heater No Hot Water","water-heater-no-hot-water",child,RED,red,professional-recommended,"TBD",no,none,required,required,required,"Pressurized/hot-water system repair — professional",C,no
235,"Water Heater Maintenance / Repair","Water Heater Slow Heating","water-heater-slow-heating",child,RED,red,professional-recommended,"TBD",no,none,required,required,required,"Pressurized/hot-water system repair — professional",C,no
236,"Water Heater Maintenance / Repair","Water Heater Temperature Problem","water-heater-temperature-problem",child,RED,red,professional-recommended,"TBD",no,none,required,required,required,"Pressurized/hot-water system repair — professional",C,no
237,"Water Heater Maintenance / Repair","Water Heater Thermostat Repair","water-heater-thermostat-repair",child,RED,red,professional-recommended,"TBD",no,none,required,required,required,"Water-heater electrical element/thermostat live work — specialist review",C,no
238,"Water Heater Maintenance / Repair","Water Heater Heating Element Replacement","water-heater-heating-element-replacement",child,RED,red,professional-recommended,"TBD",no,none,required,required,required,"Water-heater electrical element/thermostat live work — specialist review",C,no
239,"Water Heater Maintenance / Repair","Water Heater Water Leakage Repair","water-heater-water-leakage-repair",child,RED,red,professional-recommended,"TBD",no,none,required,required,required,"Pressurized/hot-water system repair — professional",C,no
240,"Water Heater Maintenance / Repair","Water Heater Pressure Problem","water-heater-pressure-problem",child,RED,red,professional-recommended,"TBD",no,none,required,required,required,"Pressurized/hot-water system repair — professional",C,no
241,"Water Heater Maintenance / Repair","Water Heater Tank Inspection","water-heater-tank-inspection",child,YELLOW,yellow,safety-only,"TBD",no,none,required,required,required,"Exterior/visual or scale awareness — no live element DIY",C,no
242,"Water Heater Maintenance / Repair","Water Heater Valve Replacement","water-heater-valve-replacement",child,RED,red,professional-recommended,"TBD",no,none,required,required,required,"Pressurized/hot-water system repair — professional",C,no
243,"Water Heater Maintenance / Repair","Water Heater Electrical Fault Diagnosis","water-heater-electrical-fault-diagnosis",child,RED,red,professional-recommended,"TBD",no,none,required,required,required,"Water-heater electrical element/thermostat live work — specialist review",C,no
244,"Water Heater Maintenance / Repair","Water Heater Cleaning","water-heater-cleaning",child,YELLOW,yellow,limited-troubleshooting,"TBD",no,none,required,required,required,"Exterior/visual or scale awareness — no live element DIY",C,no
245,"Water Heater Maintenance / Repair","Water Heater Scale Removal","water-heater-scale-removal",child,RED,red,professional-recommended,"TBD",no,none,required,required,required,"Pressurized/hot-water system repair — professional",C,no
246,"Water Heater Maintenance / Repair","Water Heater Preventive Maintenance","water-heater-preventive-maintenance",child,YELLOW,yellow,safety-only,"TBD",no,none,required,required,required,"Exterior/visual or scale awareness — no live element DIY",C,no
247,"Water Heater Maintenance / Repair","Emergency Water Heater Repair","emergency-water-heater-repair",child,RED,red,professional-recommended,"TBD",no,none,required,required,required,"Pressurized/hot-water system repair — professional",C,no
248,"Dishwasher Maintenance / Repair","Dishwasher Inspection","dishwasher-inspection",child,YELLOW,yellow,limited-troubleshooting,"TBD",no,none,required,required,required,"Symptom / hose / rack checks — limited",C,no
249,"Dishwasher Maintenance / Repair","Dishwasher Not Starting","dishwasher-not-starting",child,YELLOW,yellow,limited-troubleshooting,"TBD",no,none,required,required,required,"Symptom / hose / rack checks — limited",C,no
250,"Dishwasher Maintenance / Repair","Dishwasher Not Cleaning Properly","dishwasher-not-cleaning-properly",child,YELLOW,yellow,limited-troubleshooting,"TBD",no,none,required,required,required,"Symptom / hose / rack checks — limited",C,no
251,"Dishwasher Maintenance / Repair","Dishwasher Water Filling Problem","dishwasher-water-filling-problem",child,YELLOW,yellow,limited-troubleshooting,"TBD",no,none,required,required,required,"Symptom / hose / rack checks — limited",C,no
252,"Dishwasher Maintenance / Repair","Dishwasher Drainage Problem","dishwasher-drainage-problem",child,YELLOW,yellow,limited-troubleshooting,"TBD",no,none,required,required,required,"Symptom / hose / rack checks — limited",C,no
253,"Dishwasher Maintenance / Repair","Dishwasher Water Leakage","dishwasher-water-leakage",child,RED,red,professional-recommended,"TBD",no,none,required,required,required,"Internal repair — professional",C,no
254,"Dishwasher Maintenance / Repair","Dishwasher Poor Drying","dishwasher-poor-drying",child,YELLOW,yellow,limited-troubleshooting,"TBD",no,none,required,required,required,"Symptom / hose / rack checks — limited",C,no
255,"Dishwasher Maintenance / Repair","Dishwasher Spray Arm Cleaning","dishwasher-spray-arm-cleaning",child,GREEN,green,step-by-step,"TBD",no,none,required,required,optional,"User-accessible filter/spray-arm clean",C,no
256,"Dishwasher Maintenance / Repair","Dishwasher Filter Cleaning","dishwasher-filter-cleaning",child,GREEN,green,step-by-step,"TBD",no,none,required,required,optional,"User-accessible filter/spray-arm clean",C,no
257,"Dishwasher Maintenance / Repair","Dishwasher Pump Inspection","dishwasher-pump-inspection",child,YELLOW,yellow,limited-troubleshooting,"TBD",no,none,required,required,required,"Symptom / hose / rack checks — limited",C,no
258,"Dishwasher Maintenance / Repair","Dishwasher Door Seal Replacement","dishwasher-door-seal-replacement",child,RED,red,professional-recommended,"TBD",no,none,required,required,required,"Internal repair — professional",C,no
259,"Dishwasher Maintenance / Repair","Dishwasher Door Lock Repair","dishwasher-door-lock-repair",child,RED,red,professional-recommended,"TBD",no,none,required,required,required,"Internal repair — professional",C,no
260,"Dishwasher Maintenance / Repair","Dishwasher Heating Problem","dishwasher-heating-problem",child,RED,red,professional-recommended,"TBD",no,none,required,required,required,"Internal repair — professional",C,no
261,"Dishwasher Maintenance / Repair","Dishwasher Control Panel Diagnosis","dishwasher-control-panel-diagnosis",child,RED,red,professional-recommended,"TBD",no,none,required,required,required,"Internal repair — professional",C,no
262,"Dishwasher Maintenance / Repair","Dishwasher Preventive Maintenance","dishwasher-preventive-maintenance",child,YELLOW,yellow,limited-troubleshooting,"TBD",no,none,required,required,required,"Symptom / hose / rack checks — limited",C,no
263,"Gym Cleaning & Maintenance","Gym Deep Cleaning","gym-deep-cleaning",child,GREEN,green,step-by-step,"TBD",no,none,required,required,optional,"Gym surface cleaning GREEN candidate",C,no
264,"Gym Cleaning & Maintenance","Gym Regular Cleaning","gym-regular-cleaning",child,GREEN,green,step-by-step,"TBD",no,none,required,required,optional,"Gym surface cleaning GREEN candidate",C,no
265,"Gym Cleaning & Maintenance","Gym Equipment Cleaning","gym-equipment-cleaning",child,GREEN,green,step-by-step,"TBD",no,none,required,required,optional,"Gym surface cleaning GREEN candidate",C,no
266,"Gym Cleaning & Maintenance","Gym Floor Cleaning","gym-floor-cleaning",child,GREEN,green,step-by-step,"TBD",no,none,required,required,optional,"Gym surface cleaning GREEN candidate",C,no
267,"Gym Cleaning & Maintenance","Gym Glass Cleaning","gym-glass-cleaning",child,GREEN,green,step-by-step,"TBD",no,none,required,required,optional,"Gym surface cleaning GREEN candidate",C,no
268,"Gym Cleaning & Maintenance","Gym Sanitization","gym-sanitization",child,REVIEW_REQUIRED,review_required,review-required,"TBD",no,none,required,required,required,"Chemical protocol — REVIEW_REQUIRED",D,yes
269,"Gym Cleaning & Maintenance","Gym Disinfection","gym-disinfection",child,REVIEW_REQUIRED,review_required,review-required,"TBD",no,none,required,required,required,"Chemical protocol — REVIEW_REQUIRED",D,yes
270,"Gym Cleaning & Maintenance","Locker Cleaning","locker-cleaning",child,GREEN,green,step-by-step,"TBD",no,none,required,required,optional,"Gym surface cleaning GREEN candidate",C,no
271,"Gym Cleaning & Maintenance","Shower & Changing Room Cleaning","shower-and-changing-room-cleaning",child,GREEN,green,step-by-step,"TBD",no,none,required,required,optional,"Gym surface cleaning GREEN candidate",C,no
272,"Gym Cleaning & Maintenance","Fitness Equipment Inspection","fitness-equipment-inspection",child,REVIEW_REQUIRED,review_required,review-required,"TBD",no,none,required,required,required,"Fitness equipment internals — inspection/report only until human class",D,yes
273,"Gym Cleaning & Maintenance","Treadmill Maintenance","treadmill-maintenance",child,REVIEW_REQUIRED,review_required,review-required,"TBD",no,none,required,required,required,"Fitness equipment internals — inspection/report only until human class",D,yes
274,"Gym Cleaning & Maintenance","Exercise Bike Maintenance","exercise-bike-maintenance",child,REVIEW_REQUIRED,review_required,review-required,"TBD",no,none,required,required,required,"Fitness equipment internals — inspection/report only until human class",D,yes
275,"Gym Cleaning & Maintenance","Cross-Trainer Maintenance","cross-trainer-maintenance",child,REVIEW_REQUIRED,review_required,review-required,"TBD",no,none,required,required,required,"Fitness equipment internals — inspection/report only until human class",D,yes
276,"Gym Cleaning & Maintenance","Weight Equipment Maintenance","weight-equipment-maintenance",child,REVIEW_REQUIRED,review_required,review-required,"TBD",no,none,required,required,required,"Fitness equipment internals — inspection/report only until human class",D,yes
277,"Gym Cleaning & Maintenance","Preventive Gym Maintenance","preventive-gym-maintenance",child,REVIEW_REQUIRED,review_required,review-required,"TBD",no,none,required,required,required,"Fitness equipment internals — inspection/report only until human class",D,yes
278,"Oven Maintenance / Repair","Oven Inspection","oven-inspection",child,GREEN,green,step-by-step,"TBD",no,none,required,required,optional,"Cool oven cleaning / visual",C,no
279,"Oven Maintenance / Repair","Oven Not Heating","oven-not-heating",child,RED,red,professional-recommended,"TBD",no,none,required,required,required,"Heating fault diagnosis — professional",C,no
280,"Oven Maintenance / Repair","Oven Uneven Heating","oven-uneven-heating",child,RED,red,professional-recommended,"TBD",no,none,required,required,required,"Heating fault diagnosis — professional",C,no
281,"Oven Maintenance / Repair","Oven Temperature Problem","oven-temperature-problem",child,RED,red,professional-recommended,"TBD",no,none,required,required,required,"Heating fault diagnosis — professional",C,no
282,"Oven Maintenance / Repair","Oven Heating Element Replacement","oven-heating-element-replacement",child,RED,red,professional-recommended,"TBD",no,none,required,required,required,"Oven element/gas/electrical internals — specialist",C,no
283,"Oven Maintenance / Repair","Oven Thermostat Repair","oven-thermostat-repair",child,RED,red,professional-recommended,"TBD",no,none,required,required,required,"Oven element/gas/electrical internals — specialist",C,no
284,"Oven Maintenance / Repair","Oven Door Repair","oven-door-repair",child,RED,red,professional-recommended,"TBD",no,none,required,required,required,"Heating fault diagnosis — professional",C,no
285,"Oven Maintenance / Repair","Oven Door Seal Replacement","oven-door-seal-replacement",child,YELLOW,yellow,limited-troubleshooting,"TBD",no,none,required,required,required,"Seal visual / PM framing",C,no
286,"Oven Maintenance / Repair","Oven Fan Repair","oven-fan-repair",child,RED,red,professional-recommended,"TBD",no,none,required,required,required,"Oven element/gas/electrical internals — specialist",C,no
287,"Oven Maintenance / Repair","Oven Timer Problem","oven-timer-problem",child,RED,red,professional-recommended,"TBD",no,none,required,required,required,"Heating fault diagnosis — professional",C,no
288,"Oven Maintenance / Repair","Oven Control Panel Problem","oven-control-panel-problem",child,RED,red,professional-recommended,"TBD",no,none,required,required,required,"Oven element/gas/electrical internals — specialist",C,no
289,"Oven Maintenance / Repair","Oven Electrical Fault Diagnosis","oven-electrical-fault-diagnosis",child,RED,red,professional-recommended,"TBD",no,none,required,required,required,"Oven element/gas/electrical internals — specialist",C,no
290,"Oven Maintenance / Repair","Gas Oven Inspection","gas-oven-inspection",child,RED,red,professional-recommended,"TBD",no,none,required,required,required,"Oven element/gas/electrical internals — specialist",C,no
291,"Oven Maintenance / Repair","Oven Cleaning","oven-cleaning",child,GREEN,green,step-by-step,"TBD",no,none,required,required,optional,"Cool oven cleaning / visual",C,no
292,"Oven Maintenance / Repair","Oven Preventive Maintenance","oven-preventive-maintenance",child,YELLOW,yellow,limited-troubleshooting,"TBD",no,none,required,required,required,"Seal visual / PM framing",C,no
293,"Burner / Cooker Maintenance / Repair","Gas Cooker Inspection","gas-cooker-inspection",child,RED,red,professional-recommended,"TBD",no,none,required,required,required,"Gas path / leak / valve / hose / flame — specialist safety review mandatory",C,no
294,"Burner / Cooker Maintenance / Repair","Gas Burner Cleaning","gas-burner-cleaning",child,YELLOW,yellow,limited-troubleshooting,"TBD",no,none,required,required,optional,"Cool-surface cleaning / cosmetic knob — after review; stop if gas smell",C,no
295,"Burner / Cooker Maintenance / Repair","Gas Burner Repair","gas-burner-repair",child,RED,red,professional-recommended,"TBD",no,none,required,required,required,"Gas path / leak / valve / hose / flame — specialist safety review mandatory",C,no
296,"Burner / Cooker Maintenance / Repair","Gas Burner Replacement","gas-burner-replacement",child,RED,red,professional-recommended,"TBD",no,none,required,required,required,"Gas path / leak / valve / hose / flame — specialist safety review mandatory",C,no
297,"Burner / Cooker Maintenance / Repair","Gas Cooker Ignition Repair","gas-cooker-ignition-repair",child,RED,red,professional-recommended,"TBD",no,none,required,required,required,"Gas path / leak / valve / hose / flame — specialist safety review mandatory",C,no
298,"Burner / Cooker Maintenance / Repair","Gas Flame Problem Diagnosis","gas-flame-problem-diagnosis",child,RED,red,professional-recommended,"TBD",no,none,required,required,required,"Gas path / leak / valve / hose / flame — specialist safety review mandatory",C,no
299,"Burner / Cooker Maintenance / Repair","Uneven Flame Diagnosis","uneven-flame-diagnosis",child,RED,red,professional-recommended,"TBD",no,none,required,required,required,"Gas path / leak / valve / hose / flame — specialist safety review mandatory",C,no
300,"Burner / Cooker Maintenance / Repair","Gas Leakage Inspection","gas-leakage-inspection",child,RED,red,professional-recommended,"TBD",no,none,required,required,required,"Gas path / leak / valve / hose / flame — specialist safety review mandatory",C,no
301,"Burner / Cooker Maintenance / Repair","Gas Hose Inspection","gas-hose-inspection",child,RED,red,professional-recommended,"TBD",no,none,required,required,required,"Gas path / leak / valve / hose / flame — specialist safety review mandatory",C,no
302,"Burner / Cooker Maintenance / Repair","Gas Hose Replacement","gas-hose-replacement",child,RED,red,professional-recommended,"TBD",no,none,required,required,required,"Gas path / leak / valve / hose / flame — specialist safety review mandatory",C,no
303,"Burner / Cooker Maintenance / Repair","Gas Valve Inspection","gas-valve-inspection",child,RED,red,professional-recommended,"TBD",no,none,required,required,required,"Gas path / leak / valve / hose / flame — specialist safety review mandatory",C,no
304,"Burner / Cooker Maintenance / Repair","Gas Valve Replacement","gas-valve-replacement",child,RED,red,professional-recommended,"TBD",no,none,required,required,required,"Gas path / leak / valve / hose / flame — specialist safety review mandatory",C,no
305,"Burner / Cooker Maintenance / Repair","Cooker Knob Replacement","cooker-knob-replacement",child,YELLOW,yellow,limited-troubleshooting,"TBD",no,none,required,required,optional,"Cool-surface cleaning / cosmetic knob — after review; stop if gas smell",C,no
306,"Burner / Cooker Maintenance / Repair","Cooker Igniter Repair","cooker-igniter-repair",child,RED,red,professional-recommended,"TBD",no,none,required,required,required,"Gas path / leak / valve / hose / flame — specialist safety review mandatory",C,no
307,"Burner / Cooker Maintenance / Repair","Gas Cooker Cleaning","gas-cooker-cleaning",child,YELLOW,yellow,limited-troubleshooting,"TBD",no,none,required,required,optional,"Cool-surface cleaning / cosmetic knob — after review; stop if gas smell",C,no
308,"Burner / Cooker Maintenance / Repair","Hob Cleaning","hob-cleaning",child,YELLOW,yellow,limited-troubleshooting,"TBD",no,none,required,required,optional,"Cool-surface cleaning / cosmetic knob — after review; stop if gas smell",C,no
309,"Burner / Cooker Maintenance / Repair","Glass Hob Maintenance","glass-hob-maintenance",child,YELLOW,yellow,limited-troubleshooting,"TBD",no,none,required,required,optional,"Cool-surface cleaning / cosmetic knob — after review; stop if gas smell",C,no
310,"Burner / Cooker Maintenance / Repair","Electric Cooker Repair","electric-cooker-repair",child,REVIEW_REQUIRED,review_required,review-required,"TBD",no,none,required,required,required,"Electric/induction repair steps — REVIEW_REQUIRED (not gas RED but still hazardous)",D,yes
311,"Burner / Cooker Maintenance / Repair","Induction Cooker Inspection","induction-cooker-inspection",child,REVIEW_REQUIRED,review_required,review-required,"TBD",no,none,required,required,required,"Electric/induction repair steps — REVIEW_REQUIRED (not gas RED but still hazardous)",D,yes
