serviceId,serviceSlug,serviceName,diyGuideId,diySlug,primary,safetyClass,publicationStatus,wordCountEN,wordCountAR,imageStatus,mappingStatus,notes
cmtu4kxxo002aut9oh8c9r8hd,cleaning-services,Cleaning Services,cmtu4l17d0001utg45pje5df0,diy-cleaning-services,true,GREEN,published,1559,1273,webp_ok,PRIMARY_DIY_ARTICLE_EXISTS,Canonical primary per coveragePrimaryGuideSlug.
cmtu4kxxv002eut9orut809zv,building-maintenance,General Building Maintenance,cmtu4l1i3004tutg4jqn08w3h,diy-shell-building-maintenance,true,YELLOW,published,1459,1185,webp_ok,PRIMARY_DIY_ARTICLE_EXISTS,Canonical primary per coveragePrimaryGuideSlug.
cmtu4kxxz002iut9oh4tq51h9,plumbing-maintenance,Plumbing Maintenance,cmtu4kzb101z0ut9o4cf7wmg6,how-to-fix-dripping-faucet,true,YELLOW,published,1227,1009,webp_ok,PRIMARY_DIY_ARTICLE_EXISTS,Canonical primary per coveragePrimaryGuideSlug.
cmtu4kxy5002mut9oylg9s74u,electrical-maintenance,Electrical Maintenance,cmtu4l1ii004xutg46ko9i6s3,diy-shell-electrical-maintenance,true,RED,published,1476,1205,webp_ok,PRIMARY_DIY_ARTICLE_EXISTS,Canonical primary per coveragePrimaryGuideSlug.
cmtu4kxy9002qut9ohkptlo79,ac-maintenance,AC / Air Conditioning Maintenance,cmtu4l1ir0051utg4m0dn2hw6,diy-shell-ac-maintenance,true,YELLOW,published,1500,1187,webp_ok,PRIMARY_DIY_ARTICLE_EXISTS,Canonical primary per coveragePrimaryGuideSlug.
cmtu4kxyd002uut9owgzltkql,painting-services,Painting Services,cmtu4l1j00055utg41qs2ujkb,diy-shell-painting-services,true,YELLOW,published,1451,1221,webp_ok,PRIMARY_DIY_ARTICLE_EXISTS,Canonical primary per coveragePrimaryGuideSlug.
cmtu4kxyh002yut9owqw7djxf,wall-maintenance,Wall Maintenance & Repair,cmtu4l1ja0059utg4c7ksw97l,diy-shell-wall-maintenance,true,YELLOW,published,1477,1196,webp_ok,PRIMARY_DIY_ARTICLE_EXISTS,Canonical primary per coveragePrimaryGuideSlug.
cmtu4kxzj0046ut9opctilof7,swimming-pool-maintenance,Swimming Pool Cleaning & Maintenance,cmtu4l1jj005dutg4uu576sss,diy-shell-swimming-pool-maintenance,true,YELLOW,published,1511,1219,webp_ok,PRIMARY_DIY_ARTICLE_EXISTS,Canonical primary per coveragePrimaryGuideSlug.
cmtu4kxzr004eut9oolqa9gkv,sauna-maintenance,Sauna Room Maintenance & Cleaning,cmtu4l1js005hutg4oxhl1102,diy-shell-sauna-maintenance,true,YELLOW,published,1476,1220,webp_ok,PRIMARY_DIY_ARTICLE_EXISTS,Canonical primary per coveragePrimaryGuideSlug.
cmtu4kxzo004aut9o2yfhhuj1,water-tank-cleaning,Water Tank Cleaning & Maintenance,cmtu4l1k1005lutg4z4fw1nfx,diy-shell-water-tank-cleaning,true,YELLOW,published,1487,1195,webp_ok,PRIMARY_DIY_ARTICLE_EXISTS,Canonical primary per coveragePrimaryGuideSlug.
,refrigerator,refrigerator,,,false,YELLOW,n/a,0,0,n/a,NEEDS_PRIMARY_CREATION,MISSING_HUB in coverage registry; diyGuidanceType from matrix; do not invent shell. Service row missing.
,microwave,microwave,,,false,YELLOW,n/a,0,0,n/a,NEEDS_PRIMARY_CREATION,MISSING_HUB in coverage registry; diyGuidanceType from matrix; do not invent shell. Service row missing.
,washing-machine,washing-machine,,,false,YELLOW,n/a,0,0,n/a,NEEDS_PRIMARY_CREATION,MISSING_HUB in coverage registry; diyGuidanceType from matrix; do not invent shell. Service row missing.
,water-heater,water-heater,,,false,YELLOW,n/a,0,0,n/a,NEEDS_PRIMARY_CREATION,MISSING_HUB in coverage registry; diyGuidanceType from matrix; do not invent shell. Service row missing.
,dishwasher,dishwasher,,,false,YELLOW,n/a,0,0,n/a,NEEDS_PRIMARY_CREATION,MISSING_HUB in coverage registry; diyGuidanceType from matrix; do not invent shell. Service row missing.
cmtu4kxzz004mut9oioiuti0g,gym-cleaning-maintenance,Gym Cleaning & Maintenance,cmtu4l1ka005putg4ttwb9yld,diy-shell-gym-cleaning-maintenance,true,YELLOW,published,1481,1189,webp_ok,PRIMARY_DIY_ARTICLE_EXISTS,Canonical primary per coveragePrimaryGuideSlug.
,oven,oven,,,false,YELLOW,n/a,0,0,n/a,NEEDS_PRIMARY_CREATION,MISSING_HUB in coverage registry; diyGuidanceType from matrix; do not invent shell. Service row missing.
,burner-cooker,burner-cooker,,,false,RED,n/a,0,0,n/a,NEEDS_PRIMARY_CREATION,MISSING_HUB in coverage registry; diyGuidanceType from matrix; do not invent shell. Service row missing.
cmtu4ky08004yut9omnwn5dgr,residential-cleaning,Residential Cleaning,cmtu4l17n0005utg46m80eayr,diy-residential-cleaning,true,GREEN,published,1568,1291,webp_ok,PRIMARY_DIY_ARTICLE_EXISTS,Canonical primary per coveragePrimaryGuideSlug.
cmtu4ky0b0052ut9oheljndhn,apartment-cleaning,Apartment Cleaning,cmtu4l17w0009utg47no50v2l,diy-apartment-cleaning,true,GREEN,published,1566,1288,webp_ok,PRIMARY_DIY_ARTICLE_EXISTS,Canonical primary per coveragePrimaryGuideSlug.
cmtu4ky0f0056ut9off6qkdlu,villa-cleaning,Villa Cleaning,cmtu4l184000dutg47q10xe4z,diy-villa-cleaning,true,GREEN,published,1557,1281,webp_ok,PRIMARY_DIY_ARTICLE_EXISTS,Canonical primary per coveragePrimaryGuideSlug.
cmtu4ky0i005aut9oiujsur8y,house-cleaning,House Cleaning,cmtu4l18d000hutg45hvwybfh,diy-house-cleaning,true,GREEN,published,1576,1302,webp_ok,PRIMARY_DIY_ARTICLE_EXISTS,Canonical primary per coveragePrimaryGuideSlug.
cmtu4ky0l005eut9od7us3103,office-cleaning,Office Cleaning,cmtu4l18l000lutg4f32n30dq,diy-office-cleaning,true,GREEN,published,1570,1279,webp_ok,PRIMARY_DIY_ARTICLE_EXISTS,Canonical primary per coveragePrimaryGuideSlug.
cmtu4ky0o005iut9ojywwnx22,commercial-cleaning,Commercial Cleaning,cmtu4l18u000putg496ikcch9,diy-commercial-cleaning,true,GREEN,published,1563,1271,webp_ok,PRIMARY_DIY_ARTICLE_EXISTS,Canonical primary per coveragePrimaryGuideSlug.
cmtu4ky0r005mut9ooucqdvgg,building-common-area-cleaning,Building Common Area Cleaning,cmtu4l1kj005tutg41rrrjght,diy-shell-building-common-area-cleaning,true,YELLOW,published,1519,1208,webp_ok,PRIMARY_DIY_ARTICLE_EXISTS,Canonical primary per coveragePrimaryGuideSlug.
cmtu4ky0u005qut9o88p5k29d,deep-cleaning,Deep Cleaning,cmtu4l1kt005xutg4ebeif8m8,diy-shell-deep-cleaning,true,YELLOW,published,1446,1185,webp_ok,PRIMARY_DIY_ARTICLE_EXISTS,Canonical primary per coveragePrimaryGuideSlug.
cmtu4ky0x005uut9ocy3a98vb,one-time-cleaning,One-Time Cleaning,cmtu4l192000tutg4av7sjwao,diy-one-time-cleaning,true,GREEN,published,1578,1317,webp_ok,PRIMARY_DIY_ARTICLE_EXISTS,Canonical primary per coveragePrimaryGuideSlug.
cmtu4ky10005yut9ouwkow71i,regular-cleaning,Regular Cleaning,cmtu4l19b000xutg49y83d9c9,diy-regular-cleaning,true,GREEN,published,1562,1280,webp_ok,PRIMARY_DIY_ARTICLE_EXISTS,Canonical primary per coveragePrimaryGuideSlug.
cmtu4ky130062ut9oxs6991nw,recurring-cleaning,Recurring Cleaning,cmtu4l19j0011utg4izeyzic8,diy-recurring-cleaning,true,GREEN,published,1568,1287,webp_ok,PRIMARY_DIY_ARTICLE_EXISTS,Canonical primary per coveragePrimaryGuideSlug.
cmtu4ky150066ut9opahtou3n,move-in-cleaning,Move-In Cleaning,cmtu4l19r0015utg4gkrxk6fn,diy-move-in-cleaning,true,GREEN,published,1578,1312,webp_ok,PRIMARY_DIY_ARTICLE_EXISTS,Canonical primary per coveragePrimaryGuideSlug.
cmtu4ky18006aut9oad072dsm,move-out-cleaning,Move-Out Cleaning,cmtu4l19z0019utg4imj1gynv,diy-move-out-cleaning,true,GREEN,published,1584,1322,webp_ok,PRIMARY_DIY_ARTICLE_EXISTS,Canonical primary per coveragePrimaryGuideSlug.
cmtu4ky1c006eut9odaypgx0y,post-construction-cleaning,Post-Construction Cleaning,cmtu4l1l20061utg4ptst52xl,diy-shell-post-construction-cleaning,true,YELLOW,published,1443,1218,webp_ok,PRIMARY_DIY_ARTICLE_EXISTS,Canonical primary per coveragePrimaryGuideSlug.
cmtu4ky1f006iut9outtig79s,post-renovation-cleaning,Post-Renovation Cleaning,cmtu4l1lb0065utg4nc3nuwe6,diy-shell-post-renovation-cleaning,true,YELLOW,published,1454,1186,webp_ok,PRIMARY_DIY_ARTICLE_EXISTS,Canonical primary per coveragePrimaryGuideSlug.
cmtu4ky1i006mut9o2qx6fw8i,kitchen-cleaning,Kitchen Cleaning,cmtu4l1lk0069utg4hc30apdw,diy-shell-kitchen-cleaning,true,YELLOW,published,1449,1186,webp_ok,PRIMARY_DIY_ARTICLE_EXISTS,Canonical primary per coveragePrimaryGuideSlug.
cmtu4ky1l006qut9oax36qvms,bathroom-cleaning,Bathroom Cleaning,cmtu4l1a7001dutg4ysiqmbbs,diy-bathroom-cleaning,true,GREEN,published,1579,1283,webp_ok,PRIMARY_DIY_ARTICLE_EXISTS,Canonical primary per coveragePrimaryGuideSlug.
cmtu4ky1o006uut9ohmxefy8r,floor-cleaning,Floor Cleaning,cmtu4l1ag001hutg4r0sgklft,diy-floor-cleaning,true,GREEN,published,1581,1311,webp_ok,PRIMARY_DIY_ARTICLE_EXISTS,Canonical primary per coveragePrimaryGuideSlug.
cmtu4ky1r006yut9ohim3jknq,window-cleaning,Window Cleaning,cmtu4l1lu006dutg4shlkpxo8,diy-shell-window-cleaning,true,YELLOW,published,1443,1189,webp_ok,PRIMARY_DIY_ARTICLE_EXISTS,Canonical primary per coveragePrimaryGuideSlug.
cmtu4ky1u0072ut9ovwbd6eow,glass-cleaning,Glass Cleaning,cmtu4l1m3006hutg47ogyi05j,diy-shell-glass-cleaning,true,YELLOW,published,1430,1216,webp_ok,PRIMARY_DIY_ARTICLE_EXISTS,Canonical primary per coveragePrimaryGuideSlug.
cmtu4ky1x0076ut9oyq6ts33r,carpet-cleaning,Carpet Cleaning,cmtu4l1mc006lutg42loefds6,diy-shell-carpet-cleaning,true,YELLOW,published,1452,1191,webp_ok,PRIMARY_DIY_ARTICLE_EXISTS,Canonical primary per coveragePrimaryGuideSlug.
cmtu4ky20007aut9ok1pqebn3,sofa-and-upholstery-cleaning,Sofa & Upholstery Cleaning,cmtu4l1ml006putg4yzekgwht,diy-shell-sofa-and-upholstery-cleaning,true,YELLOW,published,1517,1209,webp_ok,PRIMARY_DIY_ARTICLE_EXISTS,Canonical primary per coveragePrimaryGuideSlug.
cmtu4ky24007eut9o32acvth3,mattress-cleaning,Mattress Cleaning,cmtu4l1mt006tutg4meme0sv2,diy-shell-mattress-cleaning,true,YELLOW,published,1446,1215,webp_ok,PRIMARY_DIY_ARTICLE_EXISTS,Canonical primary per coveragePrimaryGuideSlug.
cmtu4ky28007iut9o7syp01va,residential-building-maintenance,Residential Building Maintenance,cmtu4l1n2006xutg49fbwtvx0,diy-shell-residential-building-maintenance,true,YELLOW,published,1464,1199,webp_ok,PRIMARY_DIY_ARTICLE_EXISTS,Canonical primary per coveragePrimaryGuideSlug.
cmtu4ky2b007mut9ozh30zglx,commercial-building-maintenance,Commercial Building Maintenance,cmtu4l1nc0071utg4cyk80zdq,diy-shell-commercial-building-maintenance,true,YELLOW,published,1476,1185,webp_ok,PRIMARY_DIY_ARTICLE_EXISTS,Canonical primary per coveragePrimaryGuideSlug.
cmtu4ky2e007qut9o7ceuu3xy,villa-maintenance,Villa Maintenance,cmtu4l1o30075utg41mjq9l59,diy-shell-villa-maintenance,true,YELLOW,published,1430,1191,webp_ok,PRIMARY_DIY_ARTICLE_EXISTS,Canonical primary per coveragePrimaryGuideSlug.
cmtu4ky2h007uut9oco0uwiqq,apartment-maintenance,Apartment Maintenance,cmtu4l1oc0079utg42mlz29kq,diy-shell-apartment-maintenance,true,YELLOW,published,1445,1193,webp_ok,PRIMARY_DIY_ARTICLE_EXISTS,Canonical primary per coveragePrimaryGuideSlug.
cmtu4ky2j007yut9og1z5ggsx,preventive-building-maintenance,Preventive Building Maintenance,cmtu4l1ol007dutg467xclfg7,diy-shell-preventive-building-maintenance,true,YELLOW,published,1491,1216,webp_ok,PRIMARY_DIY_ARTICLE_EXISTS,Canonical primary per coveragePrimaryGuideSlug.
cmtu4ky2m0082ut9opos3wdff,corrective-building-maintenance,Corrective Building Maintenance,cmtu4l1ou007hutg4ijilnr0i,diy-shell-corrective-building-maintenance,true,YELLOW,published,1471,1222,webp_ok,PRIMARY_DIY_ARTICLE_EXISTS,Canonical primary per coveragePrimaryGuideSlug.
cmtu4ky2q0086ut9ocl8ltlnm,general-handyman-service,General Handyman Service,cmtu4l1p3007lutg49ng1rb5z,diy-shell-general-handyman-service,true,YELLOW,published,1464,1230,webp_ok,PRIMARY_DIY_ARTICLE_EXISTS,Canonical primary per coveragePrimaryGuideSlug.
cmtu4ky2t008aut9o1ig46o9a,property-inspection,Property Inspection,cmtu4l1ap001lutg4gtqus0lc,diy-property-inspection,true,GREEN,published,1582,1321,webp_ok,PRIMARY_DIY_ARTICLE_EXISTS,Canonical primary per coveragePrimaryGuideSlug.
cmtu4ky2v008eut9ocn9hm2dt,minor-building-repairs,Minor Building Repairs,cmtu4l1pc007putg4aewibbb4,diy-shell-minor-building-repairs,true,YELLOW,published,1472,1200,webp_ok,PRIMARY_DIY_ARTICLE_EXISTS,Canonical primary per coveragePrimaryGuideSlug.
cmtu4ky2y008iut9o0i2rvelf,common-area-maintenance,Common Area Maintenance,cmtu4l1pl007tutg4in68swf3,diy-shell-common-area-maintenance,true,REVIEW_REQUIRED,published,1512,1219,webp_ok,PRIMARY_DIY_ARTICLE_EXISTS,Canonical primary per coveragePrimaryGuideSlug.
cmtu4ky32008mut9oek85cdrx,door-repair-and-adjustment,Door Repair & Adjustment,cmtu4l1pv007xutg45dxr5zo8,diy-shell-door-repair-and-adjustment,true,YELLOW,published,1505,1232,webp_ok,PRIMARY_DIY_ARTICLE_EXISTS,Canonical primary per coveragePrimaryGuideSlug.
cmtu4ky36008qut9os7vn87lf,door-hardware-replacement,Door Hardware Replacement,cmtu4l1q40081utg4na76kmfz,diy-shell-door-hardware-replacement,true,YELLOW,published,1476,1209,webp_ok,PRIMARY_DIY_ARTICLE_EXISTS,Canonical primary per coveragePrimaryGuideSlug.
cmtu4ky39008uut9o5kj7g9tw,lock-repair-and-replacement,Lock Repair & Replacement,cmtu4l1qd0085utg4xnpolm5b,diy-shell-lock-repair-and-replacement,true,YELLOW,published,1518,1214,webp_ok,PRIMARY_DIY_ARTICLE_EXISTS,Canonical primary per coveragePrimaryGuideSlug.
cmtu4ky3c008yut9oc1cb3pfw,cabinet-and-hardware-repair,Cabinet & Hardware Repair,cmtu4l1qm0089utg4qb7u7903,diy-shell-cabinet-and-hardware-repair,true,YELLOW,published,1514,1213,webp_ok,PRIMARY_DIY_ARTICLE_EXISTS,Canonical primary per coveragePrimaryGuideSlug.
cmtu4ky3f0092ut9on48eq6lk,fixture-replacement,Fixture Replacement,cmtu4l1qv008dutg48mtydml4,diy-shell-fixture-replacement,true,REVIEW_REQUIRED,published,1473,1192,webp_ok,PRIMARY_DIY_ARTICLE_EXISTS,Canonical primary per coveragePrimaryGuideSlug.
cmtu4ky3j0096ut9o71tvyd71,minor-civil-maintenance,Minor Civil Maintenance,cmtu4l1r4008hutg42vq3g5he,diy-shell-minor-civil-maintenance,true,REVIEW_REQUIRED,published,1504,1210,webp_ok,PRIMARY_DIY_ARTICLE_EXISTS,Canonical primary per coveragePrimaryGuideSlug.
cmtu4ky3m009aut9ozzo1j57j,general-property-repair,General Property Repair,cmtu4l1rd008lutg4wxpzv64q,diy-shell-general-property-repair,true,YELLOW,published,1459,1209,webp_ok,PRIMARY_DIY_ARTICLE_EXISTS,Canonical primary per coveragePrimaryGuideSlug.
cmtu4ky3p009eut9o0llv565n,plumbing-inspection,Plumbing Inspection,cmtu4l1rm008putg46lndqxol,diy-shell-plumbing-inspection,true,YELLOW,published,1457,1196,webp_ok,PRIMARY_DIY_ARTICLE_EXISTS,Canonical primary per coveragePrimaryGuideSlug.
cmtu4ky3s009iut9oqhtwn68d,water-leakage-detection,Water Leakage Detection,cmtu4l1rv008tutg4f68g6tgx,diy-shell-water-leakage-detection,true,YELLOW,published,1483,1202,webp_ok,PRIMARY_DIY_ARTICLE_EXISTS,Canonical primary per coveragePrimaryGuideSlug.
cmtu4ky3v009mut9o388q67nt,water-leakage-repair,Water Leakage Repair,cmtu4l1s4008xutg41muaw42e,diy-shell-water-leakage-repair,true,RED,published,1489,1219,webp_ok,PRIMARY_DIY_ARTICLE_EXISTS,Canonical primary per coveragePrimaryGuideSlug.
cmtu4ky3y009qut9oojcd3rmx,pipe-repair,Pipe Repair,cmtu4l1se0091utg49zl5lez6,diy-shell-pipe-repair,true,RED,published,1457,1217,webp_ok,PRIMARY_DIY_ARTICLE_EXISTS,Canonical primary per coveragePrimaryGuideSlug.
cmtu4ky41009uut9oybye3o5d,pipe-replacement,Pipe Replacement,cmtu4l1sn0095utg468aae906,diy-shell-pipe-replacement,true,RED,published,1473,1193,webp_ok,PRIMARY_DIY_ARTICLE_EXISTS,Canonical primary per coveragePrimaryGuideSlug.
cmtu4ky44009yut9o968xycv0,water-supply-line-repair,Water Supply Line Repair,cmtu4l1sw0099utg4j6bbad10,diy-shell-water-supply-line-repair,true,RED,published,1532,1212,webp_ok,PRIMARY_DIY_ARTICLE_EXISTS,Canonical primary per coveragePrimaryGuideSlug.
cmtu4ky4700a2ut9o4in6l3ta,drain-cleaning,Drain Cleaning,cmtu4l1t5009dutg4n0x2qcfh,diy-shell-drain-cleaning,true,YELLOW,published,1441,1199,webp_ok,PRIMARY_DIY_ARTICLE_EXISTS,Canonical primary per coveragePrimaryGuideSlug.
cmtu4ky4a00a6ut9onfyjlsh5,drain-blockage-removal,Drain Blockage Removal,cmtu4l1te009hutg4iai34a9w,diy-shell-drain-blockage-removal,true,YELLOW,published,1480,1191,webp_ok,PRIMARY_DIY_ARTICLE_EXISTS,Canonical primary per coveragePrimaryGuideSlug.
cmtu4ky4c00aaut9o3b388uin,sink-repair,Sink Repair,cmtu4l1tn009lutg4b0osxfst,diy-shell-sink-repair,true,YELLOW,published,1435,1206,webp_ok,PRIMARY_DIY_ARTICLE_EXISTS,Canonical primary per coveragePrimaryGuideSlug.
cmtu4ky4f00aeut9od734m3dt,sink-installation,Sink Installation,cmtu4l1tx009putg4sbsfu1sh,diy-shell-sink-installation,true,RED,published,1465,1205,webp_ok,PRIMARY_DIY_ARTICLE_EXISTS,Canonical primary per coveragePrimaryGuideSlug.
cmtu4ky4j00aiut9oeqw46zla,faucet-repair,Faucet Repair,cmtu4kzb101z0ut9o4cf7wmg6,how-to-fix-dripping-faucet,true,GREEN,published,1227,1009,webp_ok,PRIMARY_DIY_ARTICLE_EXISTS,Canonical primary per coveragePrimaryGuideSlug.
cmtu4ky4m00amut9oqalvs5iv,faucet-replacement,Faucet Replacement,cmtu4kzb101z0ut9o4cf7wmg6,how-to-fix-dripping-faucet,true,GREEN,published,1227,1009,webp_ok,PRIMARY_DIY_ARTICLE_EXISTS,Canonical primary per coveragePrimaryGuideSlug.
cmtu4ky4p00aqut9ojjih7gnm,shower-repair,Shower Repair,cmtu4l1u7009tutg4cjzm7b4e,diy-shell-shower-repair,true,YELLOW,published,1456,1185,webp_ok,PRIMARY_DIY_ARTICLE_EXISTS,Canonical primary per coveragePrimaryGuideSlug.
cmtu4ky4s00auut9omjo45ccg,shower-mixer-replacement,Shower Mixer Replacement,cmtu4l1ug009xutg47pfs9tsp,diy-shell-shower-mixer-replacement,true,RED,published,1492,1198,webp_ok,PRIMARY_DIY_ARTICLE_EXISTS,Canonical primary per coveragePrimaryGuideSlug.
cmtu4ky4v00ayut9olim3yrgw,toilet-repair,Toilet Repair,cmtu4l1up00a1utg47yzb3jmh,diy-shell-toilet-repair,true,YELLOW,published,1437,1193,webp_ok,PRIMARY_DIY_ARTICLE_EXISTS,Canonical primary per coveragePrimaryGuideSlug.
cmtu4ky5000b2ut9oalnuv6vq,toilet-installation,Toilet Installation,cmtu4l1uy00a5utg4jqxj5jkj,diy-shell-toilet-installation,true,RED,published,1456,1222,webp_ok,PRIMARY_DIY_ARTICLE_EXISTS,Canonical primary per coveragePrimaryGuideSlug.
cmtu4ky5300b6ut9oj9gkbnm2,running-toilet-repair,Running Toilet Repair,cmtu4l1v600a9utg4vitrmh80,diy-shell-running-toilet-repair,true,YELLOW,published,1476,1217,webp_ok,PRIMARY_DIY_ARTICLE_EXISTS,Canonical primary per coveragePrimaryGuideSlug.
cmtu4ky5600baut9oon2bid4p,water-pressure-problem-diagnosis,Water Pressure Problem Diagnosis,cmtu4l1vf00adutg41tcq6nvo,diy-shell-water-pressure-problem-diagnosis,true,YELLOW,published,1510,1205,webp_ok,PRIMARY_DIY_ARTICLE_EXISTS,Canonical primary per coveragePrimaryGuideSlug.
cmtu4ky5800beut9or5orjh8g,floor-drain-repair,Floor Drain Repair,cmtu4l1vq00ahutg4ltqm2tqm,diy-shell-floor-drain-repair,true,YELLOW,published,1476,1210,webp_ok,PRIMARY_DIY_ARTICLE_EXISTS,Canonical primary per coveragePrimaryGuideSlug.
cmtu4ky5b00biut9oby6ee8wc,electrical-inspection,Electrical Inspection,cmtu4l1w100alutg491ygbece,diy-shell-electrical-inspection,true,RED,published,1466,1189,webp_ok,PRIMARY_DIY_ARTICLE_EXISTS,Canonical primary per coveragePrimaryGuideSlug.
cmtu4ky5e00bmut9oz2oo05f0,electrical-fault-finding,Electrical Fault Finding,cmtu4l1wa00aputg4sz5gxtv4,diy-shell-electrical-fault-finding,true,RED,published,1497,1191,webp_ok,PRIMARY_DIY_ARTICLE_EXISTS,Canonical primary per coveragePrimaryGuideSlug.
cmtu4ky5h00bqut9oql9xbvlq,socket-repair,Socket Repair,cmtu4l1wi00atutg4hguu5vp7,diy-shell-socket-repair,true,RED,published,1452,1191,webp_ok,PRIMARY_DIY_ARTICLE_EXISTS,Canonical primary per coveragePrimaryGuideSlug.
cmtu4ky5k00buut9ojilmk94b,socket-replacement,Socket Replacement,cmtu4l1ws00axutg4au1tl63j,diy-shell-socket-replacement,true,RED,published,1460,1216,webp_ok,PRIMARY_DIY_ARTICLE_EXISTS,Canonical primary per coveragePrimaryGuideSlug.
cmtu4ky5n00byut9osocbcvca,switch-repair,Switch Repair,cmtu4l1x000b1utg4dnahigbh,diy-shell-switch-repair,true,RED,published,1457,1192,webp_ok,PRIMARY_DIY_ARTICLE_EXISTS,Canonical primary per coveragePrimaryGuideSlug.
cmtu4ky5q00c2ut9oefao5pip,switch-replacement,Switch Replacement,cmtu4l1x900b5utg4xrzadqpq,diy-shell-switch-replacement,true,RED,published,1461,1213,webp_ok,PRIMARY_DIY_ARTICLE_EXISTS,Canonical primary per coveragePrimaryGuideSlug.
cmtu4ky5s00c6ut9o0huy4e0d,light-installation,Light Installation,cmtu4l1xi00b9utg4vwbyhez3,diy-shell-light-installation,true,RED,published,1472,1218,webp_ok,PRIMARY_DIY_ARTICLE_EXISTS,Canonical primary per coveragePrimaryGuideSlug.
cmtu4ky5v00caut9odp3bpgov,light-repair,Light Repair,cmtu4l1xr00bdutg4gkhjk76p,diy-shell-light-repair,true,RED,published,1467,1192,webp_ok,PRIMARY_DIY_ARTICLE_EXISTS,Canonical primary per coveragePrimaryGuideSlug.
cmtu4ky5y00ceut9ot5lp97w3,led-light-installation,LED Light Installation,cmtu4l1y100bhutg4b6d4e9fa,diy-shell-led-light-installation,true,RED,published,1499,1219,webp_ok,PRIMARY_DIY_ARTICLE_EXISTS,Canonical primary per coveragePrimaryGuideSlug.
cmtu4ky6100ciut9omsm32lq7,led-light-replacement,LED Light Replacement,cmtu4l1ya00blutg4n1bpkoel,diy-shell-led-light-replacement,true,RED,published,1497,1193,webp_ok,PRIMARY_DIY_ARTICLE_EXISTS,Canonical primary per coveragePrimaryGuideSlug.
cmtu4ky6400cmut9ovhq2moqf,wiring-inspection,Wiring Inspection,cmtu4l1yk00bputg41gg5yt4a,diy-shell-wiring-inspection,true,RED,published,1461,1218,webp_ok,PRIMARY_DIY_ARTICLE_EXISTS,Canonical primary per coveragePrimaryGuideSlug.
cmtu4ky6700cqut9oykhrau5i,wiring-repair,Wiring Repair,cmtu4l1yt00btutg49p7saibl,diy-shell-wiring-repair,true,RED,published,1473,1185,webp_ok,PRIMARY_DIY_ARTICLE_EXISTS,Canonical primary per coveragePrimaryGuideSlug.
cmtu4ky6a00cuut9ok7jjb2bk,wiring-replacement,Wiring Replacement,cmtu4l1z200bxutg4u178ufn5,diy-shell-wiring-replacement,true,RED,published,1466,1210,webp_ok,PRIMARY_DIY_ARTICLE_EXISTS,Canonical primary per coveragePrimaryGuideSlug.
cmtu4ky6d00cyut9o9iah6cml,circuit-breaker-inspection,Circuit Breaker Inspection,cmtu4l1za00c1utg494ym8fov,diy-shell-circuit-breaker-inspection,true,RED,published,1499,1189,webp_ok,PRIMARY_DIY_ARTICLE_EXISTS,Canonical primary per coveragePrimaryGuideSlug.
cmtu4ky6g00d2ut9o6kj9y8q4,circuit-breaker-replacement,Circuit Breaker Replacement,cmtu4l1zk00c5utg41f8qtu91,diy-shell-circuit-breaker-replacement,true,RED,published,1496,1218,webp_ok,PRIMARY_DIY_ARTICLE_EXISTS,Canonical primary per coveragePrimaryGuideSlug.
cmtu4ky6j00d6ut9ov03snd55,distribution-board-inspection,Distribution Board Inspection,cmtu4l1zs00c9utg48joutzj4,diy-shell-distribution-board-inspection,true,RED,published,1505,1206,webp_ok,PRIMARY_DIY_ARTICLE_EXISTS,Canonical primary per coveragePrimaryGuideSlug.
cmtu4ky6m00daut9ojsbrzs84,short-circuit-diagnosis,Short-Circuit Diagnosis,cmtu4l20200cdutg4k8az5dkv,diy-shell-short-circuit-diagnosis,true,RED,published,1492,1202,webp_ok,PRIMARY_DIY_ARTICLE_EXISTS,Canonical primary per coveragePrimaryGuideSlug.
cmtu4ky6o00deut9oc8ne0qsm,ac-inspection,AC Inspection,cmtu4l20c00chutg4d1on0s4m,diy-shell-ac-inspection,true,YELLOW,published,1447,1197,webp_ok,PRIMARY_DIY_ARTICLE_EXISTS,Canonical primary per coveragePrimaryGuideSlug.
cmtu4ky6r00diut9om6fpap0y,ac-servicing,AC Servicing,cmtu4l20l00clutg4mcd8k5ox,diy-shell-ac-servicing,true,YELLOW,published,1442,1192,webp_ok,PRIMARY_DIY_ARTICLE_EXISTS,Canonical primary per coveragePrimaryGuideSlug.
cmtu4ky6u00dmut9o5a9qow4v,ac-cleaning,AC Cleaning,cmtu4l20u00cputg48zni6blr,diy-shell-ac-cleaning,true,YELLOW,published,1435,1190,webp_ok,PRIMARY_DIY_ARTICLE_EXISTS,Canonical primary per coveragePrimaryGuideSlug.
cmtu4ky6x00dqut9o0zbbnb3j,ac-filter-cleaning,AC Filter Cleaning,cmtu4kzb701z4ut9oj6792mcc,how-to-clean-ac-filter,true,GREEN,published,1623,1307,webp_ok,PRIMARY_DIY_ARTICLE_EXISTS,Canonical primary per coveragePrimaryGuideSlug.
cmtu4ky7000duut9oa6v0ko07,ac-drain-cleaning,AC Drain Cleaning,cmtu4l21200ctutg4edpfwd7l,diy-shell-ac-drain-cleaning,true,YELLOW,published,1495,1184,webp_ok,PRIMARY_DIY_ARTICLE_EXISTS,Canonical primary per coveragePrimaryGuideSlug.
cmtu4ky7300dyut9o0ntshrrb,ac-drain-pipe-repair,AC Drain Pipe Repair,cmtu4l21c00cxutg4xezbrbtn,diy-shell-ac-drain-pipe-repair,true,RED,published,1549,1254,webp_ok,PRIMARY_DIY_ARTICLE_EXISTS,Canonical primary per coveragePrimaryGuideSlug.
cmtu4ky7500e2ut9o7l31gn1o,ac-water-leakage-repair,AC Water Leakage Repair,cmtu4l21l00d1utg48ywwv46d,diy-shell-ac-water-leakage-repair,true,RED,published,1543,1232,webp_ok,PRIMARY_DIY_ARTICLE_EXISTS,Canonical primary per coveragePrimaryGuideSlug.
cmtu4ky7800e6ut9oogiwquri,ac-cooling-problem-diagnosis,AC Cooling Problem Diagnosis,cmtu4l21v00d5utg4nml1fvnm,diy-shell-ac-cooling-problem-diagnosis,true,YELLOW,published,1513,1230,webp_ok,PRIMARY_DIY_ARTICLE_EXISTS,Canonical primary per coveragePrimaryGuideSlug.
cmtu4ky7b00eaut9otlvr94n3,ac-gas-check,AC Gas Check,cmtu4l22500d9utg43za3f0as,diy-shell-ac-gas-check,true,RED,published,1500,1208,webp_ok,PRIMARY_DIY_ARTICLE_EXISTS,Canonical primary per coveragePrimaryGuideSlug.
cmtu4ky7e00eeut9oxjpy3r8w,ac-gas-recharge,AC Gas Recharge,cmtu4l22f00ddutg4g844wms7,diy-shell-ac-gas-recharge,true,RED,published,1511,1190,webp_ok,PRIMARY_DIY_ARTICLE_EXISTS,Canonical primary per coveragePrimaryGuideSlug.
cmtu4ky7h00eiut9o3729u4ug,ac-noise-problem-diagnosis,AC Noise Problem Diagnosis,cmtu4l22o00dhutg4386pbo5z,diy-shell-ac-noise-problem-diagnosis,true,YELLOW,published,1509,1224,webp_ok,PRIMARY_DIY_ARTICLE_EXISTS,Canonical primary per coveragePrimaryGuideSlug.
cmtu4ky7k00emut9oatant6w8,ac-installation,AC Installation,cmtu4l22x00dlutg4riswfqqq,diy-shell-ac-installation,true,RED,published,1461,1215,webp_ok,PRIMARY_DIY_ARTICLE_EXISTS,Canonical primary per coveragePrimaryGuideSlug.
cmtu4ky7m00equt9oqr3au09c,ac-replacement,AC Replacement,cmtu4l23600dputg4c25da60j,diy-shell-ac-replacement,true,RED,published,1453,1212,webp_ok,PRIMARY_DIY_ARTICLE_EXISTS,Canonical primary per coveragePrimaryGuideSlug.
cmtu4ky7p00euut9o6myvvclq,split-ac-maintenance,Split AC Maintenance,cmtu4l23f00dtutg4x0q2bt3i,diy-shell-split-ac-maintenance,true,YELLOW,published,1480,1215,webp_ok,PRIMARY_DIY_ARTICLE_EXISTS,Canonical primary per coveragePrimaryGuideSlug.
cmtu4ky7t00eyut9ojqf8nyxb,central-ac-maintenance,Central AC Maintenance,cmtu4l23o00dxutg40nvppfyj,diy-shell-central-ac-maintenance,true,RED,published,1499,1217,webp_ok,PRIMARY_DIY_ARTICLE_EXISTS,Canonical primary per coveragePrimaryGuideSlug.
cmtu4ky7w00f2ut9opgevayuh,ducted-ac-maintenance,Ducted AC Maintenance,cmtu4l23x00e1utg47u9y47tv,diy-shell-ducted-ac-maintenance,true,RED,published,1498,1211,webp_ok,PRIMARY_DIY_ARTICLE_EXISTS,Canonical primary per coveragePrimaryGuideSlug.
cmtu4ky7z00f6ut9owvkof6xe,package-ac-maintenance,Package AC Maintenance,cmtu4l24600e5utg4vxxi961r,diy-shell-package-ac-maintenance,true,RED,published,1505,1201,webp_ok,PRIMARY_DIY_ARTICLE_EXISTS,Canonical primary per coveragePrimaryGuideSlug.
cmtu4ky8100faut9ox1w6goo9,ac-preventive-maintenance,AC Preventive Maintenance,cmtu4l24f00e9utg4w1juc1pl,diy-shell-ac-preventive-maintenance,true,YELLOW,published,1469,1184,webp_ok,PRIMARY_DIY_ARTICLE_EXISTS,Canonical primary per coveragePrimaryGuideSlug.
cmtu4ky8400feut9okitidbwl,interior-painting,Interior Painting,cmtu4l24p00edutg4d85r9v5p,diy-shell-interior-painting,true,YELLOW,published,1448,1207,webp_ok,PRIMARY_DIY_ARTICLE_EXISTS,Canonical primary per coveragePrimaryGuideSlug.
cmtu4ky8800fiut9oco7m6wez,exterior-painting,Exterior Painting,cmtu4l24y00ehutg4maot4iaz,diy-shell-exterior-painting,true,YELLOW,published,1454,1189,webp_ok,PRIMARY_DIY_ARTICLE_EXISTS,Canonical primary per coveragePrimaryGuideSlug.
cmtu4ky8c00fmut9opzmtaym7,residential-painting,Residential Painting,cmtu4l25700elutg4h7d9ravj,diy-shell-residential-painting,true,YELLOW,published,1438,1201,webp_ok,PRIMARY_DIY_ARTICLE_EXISTS,Canonical primary per coveragePrimaryGuideSlug.
cmtu4ky8f00fqut9oqh7x32oi,villa-painting,Villa Painting,cmtu4l25g00eputg4h180rl4z,diy-shell-villa-painting,true,YELLOW,published,1444,1202,webp_ok,PRIMARY_DIY_ARTICLE_EXISTS,Canonical primary per coveragePrimaryGuideSlug.
cmtu4ky8i00fuut9olwob9avb,apartment-painting,Apartment Painting,cmtu4l25p00etutg47sh7lfdh,diy-shell-apartment-painting,true,YELLOW,published,1447,1202,webp_ok,PRIMARY_DIY_ARTICLE_EXISTS,Canonical primary per coveragePrimaryGuideSlug.
cmtu4ky8l00fyut9o47a3cdat,office-painting,Office Painting,cmtu4l25z00exutg4o3e54h0k,diy-shell-office-painting,true,YELLOW,published,1443,1195,webp_ok,PRIMARY_DIY_ARTICLE_EXISTS,Canonical primary per coveragePrimaryGuideSlug.
cmtu4ky8o00g2ut9okal3gu0t,commercial-painting,Commercial Painting,cmtu4l26800f1utg4ol8jcxgk,diy-shell-commercial-painting,true,YELLOW,published,1458,1188,webp_ok,PRIMARY_DIY_ARTICLE_EXISTS,Canonical primary per coveragePrimaryGuideSlug.
cmtu4ky8r00g6ut9oh44vs9s9,wall-painting,Wall Painting,cmtu4l26h00f5utg4ht67q87j,diy-shell-wall-painting,true,YELLOW,published,1433,1203,webp_ok,PRIMARY_DIY_ARTICLE_EXISTS,Canonical primary per coveragePrimaryGuideSlug.
cmtu4ky8u00gaut9o0kk19v50,ceiling-painting,Ceiling Painting,cmtu4l26p00f9utg4bs288c4r,diy-shell-ceiling-painting,true,YELLOW,published,1442,1222,webp_ok,PRIMARY_DIY_ARTICLE_EXISTS,Canonical primary per coveragePrimaryGuideSlug.
cmtu4ky8w00geut9owl2kcabo,door-painting,Door Painting,cmtu4l26z00fdutg45l1wyqef,diy-shell-door-painting,true,YELLOW,published,1438,1219,webp_ok,PRIMARY_DIY_ARTICLE_EXISTS,Canonical primary per coveragePrimaryGuideSlug.
cmtu4ky8z00giut9oyo1fcjqb,metal-painting,Metal Painting,cmtu4l27800fhutg4lc4onpy3,diy-shell-metal-painting,true,YELLOW,published,1462,1214,webp_ok,PRIMARY_DIY_ARTICLE_EXISTS,Canonical primary per coveragePrimaryGuideSlug.
cmtu4ky9300gmut9oogevqf0f,wood-painting,Wood Painting,cmtu4l27h00flutg4krb1uxt7,diy-shell-wood-painting,true,YELLOW,published,1442,1214,webp_ok,PRIMARY_DIY_ARTICLE_EXISTS,Canonical primary per coveragePrimaryGuideSlug.
cmtu4ky9600gqut9otzkakuaq,repainting,Repainting,cmtu4l27q00fputg4cf1jsa9t,diy-shell-repainting,true,YELLOW,published,1409,1197,webp_ok,PRIMARY_DIY_ARTICLE_EXISTS,Canonical primary per coveragePrimaryGuideSlug.
cmtu4ky9900guut9o02pt2qv2,touch-up-painting,Touch-Up Painting,cmtu4l1bk001putg4f7v7pqbg,diy-touch-up-painting,true,GREEN,published,1306,1007,webp_ok,PRIMARY_DIY_ARTICLE_EXISTS,Canonical primary per coveragePrimaryGuideSlug.
cmtu4ky9c00gyut9o6514zaxz,texture-painting,Texture Painting,cmtu4l27z00ftutg420wmu93x,diy-shell-texture-painting,true,YELLOW,published,1523,1211,webp_ok,PRIMARY_DIY_ARTICLE_EXISTS,Canonical primary per coveragePrimaryGuideSlug.
cmtu4ky9e00h2ut9ohfn5nniw,decorative-painting,Decorative Painting,cmtu4l28800fxutg4p42m969r,diy-shell-decorative-painting,true,YELLOW,published,1445,1219,webp_ok,PRIMARY_DIY_ARTICLE_EXISTS,Canonical primary per coveragePrimaryGuideSlug.
cmtu4ky9h00h6ut9o3pwxo1ja,wall-inspection,Wall Inspection,cmtu4l28i00g1utg4yl6d1ieq,diy-shell-wall-inspection,true,YELLOW,published,1278,1213,webp_ok,PRIMARY_DIY_ARTICLE_EXISTS,Canonical primary per coveragePrimaryGuideSlug.
cmtu4ky9k00haut9ociz9gm80,wall-crack-repair,Wall Crack Repair,cmtu4l28r00g5utg46wfqovcn,diy-shell-wall-crack-repair,true,YELLOW,published,1464,1212,webp_ok,PRIMARY_DIY_ARTICLE_EXISTS,Canonical primary per coveragePrimaryGuideSlug.
cmtu4ky9n00heut9ohthwge9r,structural-crack-assessment,Structural Crack Assessment,cmtu4l28z00g9utg4iefdsv5e,diy-shell-structural-crack-assessment,true,RED,published,1508,1205,webp_ok,PRIMARY_DIY_ARTICLE_EXISTS,Canonical primary per coveragePrimaryGuideSlug.
cmtu4ky9q00hiut9o1a7ykobz,plaster-repair,Plaster Repair,cmtu4l29800gdutg4xmtzwapm,diy-shell-plaster-repair,true,YELLOW,published,1447,1192,webp_ok,PRIMARY_DIY_ARTICLE_EXISTS,Canonical primary per coveragePrimaryGuideSlug.
cmtu4ky9t00hmut9oyz8v3s09,wall-hole-repair,Wall Hole Repair,cmtu4l29g00ghutg4wy1a7cda,diy-shell-wall-hole-repair,true,YELLOW,published,1648,1217,webp_ok,PRIMARY_DIY_ARTICLE_EXISTS,Canonical primary per coveragePrimaryGuideSlug.
cmtu4ky9v00hqut9opauplvaz,wall-damage-repair,Wall Damage Repair,cmtu4l29p00glutg43cmdk3p3,diy-shell-wall-damage-repair,true,YELLOW,published,1477,1215,webp_ok,PRIMARY_DIY_ARTICLE_EXISTS,Canonical primary per coveragePrimaryGuideSlug.
cmtu4ky9y00huut9oby5070hf,damp-wall-repair,Damp Wall Repair,cmtu4l29y00gputg4ns1j0xsk,diy-shell-damp-wall-repair,true,RED,published,1510,1232,webp_ok,PRIMARY_DIY_ARTICLE_EXISTS,Canonical primary per coveragePrimaryGuideSlug.
cmtu4kya100hyut9oehufw0ou,moisture-damage-repair,Moisture Damage Repair,cmtu4l2a700gtutg44jjsl8ht,diy-shell-moisture-damage-repair,true,RED,published,1502,1226,webp_ok,PRIMARY_DIY_ARTICLE_EXISTS,Canonical primary per coveragePrimaryGuideSlug.
cmtu4kya400i2ut9o1iwdmqaa,mold-affected-wall-treatment,Mold-Affected Wall Treatment,cmtu4l2af00gxutg4bvofj8d1,diy-shell-mold-affected-wall-treatment,true,RED,published,1518,1230,webp_ok,PRIMARY_DIY_ARTICLE_EXISTS,Canonical primary per coveragePrimaryGuideSlug.
cmtu4kya700i6ut9owp9phtu0,peeling-paint-repair,Peeling Paint Repair,cmtu4l2ap00h1utg4bycerhpr,diy-shell-peeling-paint-repair,true,YELLOW,published,1473,1204,webp_ok,PRIMARY_DIY_ARTICLE_EXISTS,Canonical primary per coveragePrimaryGuideSlug.
cmtu4kya900iaut9oq6fup73l,wall-patching,Wall Patching,cmtu4l2ay00h5utg4p0hkyubo,diy-shell-wall-patching,true,YELLOW,published,1432,1195,webp_ok,PRIMARY_DIY_ARTICLE_EXISTS,Canonical primary per coveragePrimaryGuideSlug.
cmtu4kyac00ieut9omszitkyz,wall-skimming,Wall Skimming,cmtu4l2b700h9utg4183r8gkl,diy-shell-wall-skimming,true,YELLOW,published,1443,1190,webp_ok,PRIMARY_DIY_ARTICLE_EXISTS,Canonical primary per coveragePrimaryGuideSlug.
cmtu4kyaf00iiut9ozfjqfgk6,surface-preparation,Surface Preparation,cmtu4l2bh00hdutg4jp8ztzdz,diy-shell-surface-preparation,true,YELLOW,published,1434,1188,webp_ok,PRIMARY_DIY_ARTICLE_EXISTS,Canonical primary per coveragePrimaryGuideSlug.
cmtu4kyai00imut9oumhu7719,gypsum-wall-repair,Gypsum Wall Repair,cmtu4l2br00hhutg4cbpfgzau,diy-shell-gypsum-wall-repair,true,YELLOW,published,1473,1203,webp_ok,PRIMARY_DIY_ARTICLE_EXISTS,Canonical primary per coveragePrimaryGuideSlug.
cmtu4kyal00iqut9ocbn81yc9,partition-wall-repair,Partition Wall Repair,cmtu4l2c000hlutg4owkapdza,diy-shell-partition-wall-repair,true,RED,published,1503,1224,webp_ok,PRIMARY_DIY_ARTICLE_EXISTS,Canonical primary per coveragePrimaryGuideSlug.
cmtu4kyao00iuut9o8pof45um,swimming-pool-inspection,Swimming Pool Inspection,cmtu4l1bs001tutg4gq14c7in,diy-swimming-pool-inspection,true,GREEN,published,1588,1344,webp_ok,PRIMARY_DIY_ARTICLE_EXISTS,Canonical primary per coveragePrimaryGuideSlug.
cmtu4kyar00iyut9ow8uhf0ce,swimming-pool-cleaning,Swimming Pool Cleaning,cmtu4l1c1001xutg478id2yaq,diy-swimming-pool-cleaning,true,GREEN,published,1618,1321,webp_ok,PRIMARY_DIY_ARTICLE_EXISTS,Canonical primary per coveragePrimaryGuideSlug.
cmtu4kyau00j2ut9ox9py8l7c,pool-vacuum-cleaning,Pool Vacuum Cleaning,cmtu4l1cb0021utg4ua5xhtke,diy-pool-vacuum-cleaning,true,GREEN,published,1607,1370,webp_ok,PRIMARY_DIY_ARTICLE_EXISTS,Canonical primary per coveragePrimaryGuideSlug.
cmtu4kyaw00j6ut9ogy5dxlwm,pool-skimming,Pool Skimming,cmtu4l1cj0025utg43pc3h3st,diy-pool-skimming,true,GREEN,published,1563,1334,webp_ok,PRIMARY_DIY_ARTICLE_EXISTS,Canonical primary per coveragePrimaryGuideSlug.
cmtu4kyaz00jaut9ownlosn0z,pool-water-testing,Pool Water Testing,cmtu4l2c800hputg4eaph0127,diy-shell-pool-water-testing,true,REVIEW_REQUIRED,published,1498,1230,webp_ok,PRIMARY_DIY_ARTICLE_EXISTS,Canonical primary per coveragePrimaryGuideSlug.
cmtu4kyb200jeut9o5240gno4,pool-chemical-balancing,Pool Chemical Balancing,cmtu4l2ch00htutg4gz65nq2p,diy-shell-pool-chemical-balancing,true,REVIEW_REQUIRED,published,1510,1215,webp_ok,PRIMARY_DIY_ARTICLE_EXISTS,Canonical primary per coveragePrimaryGuideSlug.
cmtu4kyb500jiut9obdohjb8j,pool-filter-cleaning,Pool Filter Cleaning,cmtu4l2cq00hxutg43s622mbn,diy-shell-pool-filter-cleaning,true,REVIEW_REQUIRED,published,1509,1219,webp_ok,PRIMARY_DIY_ARTICLE_EXISTS,Canonical primary per coveragePrimaryGuideSlug.
cmtu4kyb800jmut9o4qe34efs,pool-filter-maintenance,Pool Filter Maintenance,cmtu4l2cz00i1utg4f5zkhgm8,diy-shell-pool-filter-maintenance,true,REVIEW_REQUIRED,published,1511,1218,webp_ok,PRIMARY_DIY_ARTICLE_EXISTS,Canonical primary per coveragePrimaryGuideSlug.
cmtu4kyba00jqut9odk3ho8g5,pool-pump-inspection,Pool Pump Inspection,cmtu4l2d700i5utg4t4rq03r1,diy-shell-pool-pump-inspection,true,RED,published,1498,1231,webp_ok,PRIMARY_DIY_ARTICLE_EXISTS,Canonical primary per coveragePrimaryGuideSlug.
cmtu4kybd00juut9ok0czkske,pool-pump-maintenance,Pool Pump Maintenance,cmtu4l2dg00i9utg4e1owmp6o,diy-shell-pool-pump-maintenance,true,RED,published,1491,1213,webp_ok,PRIMARY_DIY_ARTICLE_EXISTS,Canonical primary per coveragePrimaryGuideSlug.
cmtu4kybg00jyut9o2gwfsfs5,pool-tile-cleaning,Pool Tile Cleaning,cmtu4l1cs0029utg468t1c8jo,diy-pool-tile-cleaning,true,GREEN,published,1606,1363,webp_ok,PRIMARY_DIY_ARTICLE_EXISTS,Canonical primary per coveragePrimaryGuideSlug.
cmtu4kybj00k2ut9oednc74i7,pool-drain-cleaning,Pool Drain Cleaning,cmtu4l2do00idutg464bmjxhm,diy-shell-pool-drain-cleaning,true,REVIEW_REQUIRED,published,1498,1222,webp_ok,PRIMARY_DIY_ARTICLE_EXISTS,Canonical primary per coveragePrimaryGuideSlug.
cmtu4kybm00k6ut9orh8glbon,pool-equipment-inspection,Pool Equipment Inspection,cmtu4l2dy00ihutg4gn1mtzlu,diy-shell-pool-equipment-inspection,true,RED,published,1501,1212,webp_ok,PRIMARY_DIY_ARTICLE_EXISTS,Canonical primary per coveragePrimaryGuideSlug.
cmtu4kybq00kaut9o5770z32q,pool-leak-inspection,Pool Leak Inspection,cmtu4l2e600ilutg4pwomuxyz,diy-shell-pool-leak-inspection,true,RED,published,1507,1215,webp_ok,PRIMARY_DIY_ARTICLE_EXISTS,Canonical primary per coveragePrimaryGuideSlug.
cmtu4kybu00keut9okx76yzua,residential-pool-maintenance,Residential Pool Maintenance,cmtu4l2ef00iputg4u7n63yd5,diy-shell-residential-pool-maintenance,true,YELLOW,published,1483,1216,webp_ok,PRIMARY_DIY_ARTICLE_EXISTS,Canonical primary per coveragePrimaryGuideSlug.
cmtu4kyby00kiut9o8srhrt9l,sauna-inspection,Sauna Inspection,cmtu4l2eo00itutg42mubzkl2,diy-shell-sauna-inspection,true,YELLOW,published,1433,1196,webp_ok,PRIMARY_DIY_ARTICLE_EXISTS,Canonical primary per coveragePrimaryGuideSlug.
cmtu4kyc100kmut9ozzh9bxnx,sauna-deep-cleaning,Sauna Deep Cleaning,cmtu4l1d0002dutg4ae0chqsv,diy-sauna-deep-cleaning,true,GREEN,published,1622,1298,webp_ok,PRIMARY_DIY_ARTICLE_EXISTS,Canonical primary per coveragePrimaryGuideSlug.
cmtu4kyc300kqut9o96z7e77w,sauna-regular-cleaning,Sauna Regular Cleaning,cmtu4l1d8002hutg4d7pj6dnx,diy-sauna-regular-cleaning,true,GREEN,published,1619,1323,webp_ok,PRIMARY_DIY_ARTICLE_EXISTS,Canonical primary per coveragePrimaryGuideSlug.
cmtu4kyc600kuut9oluv26ak0,sauna-disinfection,Sauna Disinfection,cmtu4l2ex00ixutg4ohi4opzn,diy-shell-sauna-disinfection,true,REVIEW_REQUIRED,published,1465,1203,webp_ok,PRIMARY_DIY_ARTICLE_EXISTS,Canonical primary per coveragePrimaryGuideSlug.
cmtu4kyc900kyut9om7f00j3w,sauna-bench-cleaning,Sauna Bench Cleaning,cmtu4l1dh002lutg42dpyz8x1,diy-sauna-bench-cleaning,true,GREEN,published,1587,1386,webp_ok,PRIMARY_DIY_ARTICLE_EXISTS,Canonical primary per coveragePrimaryGuideSlug.
cmtu4kycc00l2ut9ohwsrzw7t,sauna-floor-cleaning,Sauna Floor Cleaning,cmtu4l1dp002putg47q2taelb,diy-sauna-floor-cleaning,true,GREEN,published,1617,1364,webp_ok,PRIMARY_DIY_ARTICLE_EXISTS,Canonical primary per coveragePrimaryGuideSlug.
cmtu4kycf00l6ut9o0okpxkfu,sauna-wall-cleaning,Sauna Wall Cleaning,cmtu4l1dx002tutg4nhpupezc,diy-sauna-wall-cleaning,true,GREEN,published,1613,1319,webp_ok,PRIMARY_DIY_ARTICLE_EXISTS,Canonical primary per coveragePrimaryGuideSlug.
cmtu4kych00laut9oojisghu2,sauna-glass-cleaning,Sauna Glass Cleaning,cmtu4l1e5002xutg4hnrmyqrf,diy-sauna-glass-cleaning,true,GREEN,published,1613,1385,webp_ok,PRIMARY_DIY_ARTICLE_EXISTS,Canonical primary per coveragePrimaryGuideSlug.
cmtu4kyck00leut9o0wo343u1,sauna-heater-inspection,Sauna Heater Inspection,cmtu4l2f600j1utg4rbvqk4fr,diy-shell-sauna-heater-inspection,true,RED,published,1503,1245,webp_ok,PRIMARY_DIY_ARTICLE_EXISTS,Canonical primary per coveragePrimaryGuideSlug.
cmtu4kycn00liut9o8p1v3k8t,sauna-heater-maintenance,Sauna Heater Maintenance,cmtu4l2fe00j5utg4sykq12rj,diy-shell-sauna-heater-maintenance,true,RED,published,1498,1224,webp_ok,PRIMARY_DIY_ARTICLE_EXISTS,Canonical primary per coveragePrimaryGuideSlug.
cmtu4kycq00lmut9o36by6os0,sauna-ventilation-inspection,Sauna Ventilation Inspection,cmtu4l2fn00j9utg4exc7axv8,diy-shell-sauna-ventilation-inspection,true,RED,published,1495,1229,webp_ok,PRIMARY_DIY_ARTICLE_EXISTS,Canonical primary per coveragePrimaryGuideSlug.
cmtu4kycs00lqut9o47orhrjy,sauna-door-maintenance,Sauna Door Maintenance,cmtu4l1ed0031utg49wgpaefl,diy-sauna-door-maintenance,true,GREEN,published,1584,1317,webp_ok,PRIMARY_DIY_ARTICLE_EXISTS,Canonical primary per coveragePrimaryGuideSlug.
cmtu4kycw00luut9ou57l3n9q,sauna-wood-treatment,Sauna Wood Treatment,cmtu4l2fw00jdutg4h14qzli5,diy-shell-sauna-wood-treatment,true,REVIEW_REQUIRED,published,1507,1215,webp_ok,PRIMARY_DIY_ARTICLE_EXISTS,Canonical primary per coveragePrimaryGuideSlug.
cmtu4kycz00lyut9oxnat61ka,sauna-equipment-inspection,Sauna Equipment Inspection,cmtu4l2g500jhutg4nkhf0qt7,diy-shell-sauna-equipment-inspection,true,REVIEW_REQUIRED,published,1505,1213,webp_ok,PRIMARY_DIY_ARTICLE_EXISTS,Canonical primary per coveragePrimaryGuideSlug.
cmtu4kyd200m2ut9olkqvfet3,water-tank-inspection,Water Tank Inspection,cmtu4l2gf00jlutg4a24lqnh3,diy-shell-water-tank-inspection,true,YELLOW,published,1459,1220,webp_ok,PRIMARY_DIY_ARTICLE_EXISTS,Canonical primary per coveragePrimaryGuideSlug.
cmtu4kyd500m6ut9o1ii4fxn2,water-tank-cleaning-service,Water Tank Cleaning,cmtu4l2go00jputg4gacqk1gd,diy-shell-water-tank-cleaning-service,true,RED,published,1522,1213,webp_ok,PRIMARY_DIY_ARTICLE_EXISTS,Canonical primary per coveragePrimaryGuideSlug.
cmtu4kyd700maut9oa2tehghq,water-tank-disinfection,Water Tank Disinfection,cmtu4l2gx00jtutg4lwm2qt26,diy-shell-water-tank-disinfection,true,REVIEW_REQUIRED,published,1495,1243,webp_ok,PRIMARY_DIY_ARTICLE_EXISTS,Canonical primary per coveragePrimaryGuideSlug.
cmtu4kyda00meut9owwnh2cte,water-tank-sanitization,Water Tank Sanitization,cmtu4l2h600jxutg4qqq4nx4s,diy-shell-water-tank-sanitization,true,REVIEW_REQUIRED,published,1498,1238,webp_ok,PRIMARY_DIY_ARTICLE_EXISTS,Canonical primary per coveragePrimaryGuideSlug.
cmtu4kyde00miut9oo3vz2yly,water-tank-leak-inspection,Water Tank Leak Inspection,cmtu4l2he00k1utg4wczv7wob,diy-shell-water-tank-leak-inspection,true,YELLOW,published,1510,1236,webp_ok,PRIMARY_DIY_ARTICLE_EXISTS,Canonical primary per coveragePrimaryGuideSlug.
cmtu4kydh00mmut9ocomqnfnu,water-tank-cover-repair,Water Tank Cover Repair,cmtu4l2ho00k5utg480inqaz6,diy-shell-water-tank-cover-repair,true,YELLOW,published,1116,1022,webp_ok,PRIMARY_DIY_ARTICLE_EXISTS,Canonical primary per coveragePrimaryGuideSlug.
cmtu4kydk00mqut9owq47dcgj,water-tank-valve-repair,Water Tank Valve Repair,cmtu4l2hy00k9utg46lzy871f,diy-shell-water-tank-valve-repair,true,RED,published,1531,1272,webp_ok,PRIMARY_DIY_ARTICLE_EXISTS,Canonical primary per coveragePrimaryGuideSlug.
cmtu4kydm00muut9osa9ofvzv,tank-pipe-connection-repair,Tank Pipe Connection Repair,cmtu4l2i700kdutg4ne9xuxk4,diy-shell-tank-pipe-connection-repair,true,RED,published,1544,1270,webp_ok,PRIMARY_DIY_ARTICLE_EXISTS,Canonical primary per coveragePrimaryGuideSlug.
cmtu4kydq00myut9og694894p,tank-overflow-repair,Tank Overflow Repair,cmtu4l2ig00khutg4zpadh6kq,diy-shell-tank-overflow-repair,true,RED,published,1492,1231,webp_ok,PRIMARY_DIY_ARTICLE_EXISTS,Canonical primary per coveragePrimaryGuideSlug.
cmtu4kydt00n2ut9og6iq125h,float-valve-repair,Float Valve Repair,cmtu4l2io00klutg4f99rjlgi,diy-shell-float-valve-repair,true,RED,published,1504,1227,webp_ok,PRIMARY_DIY_ARTICLE_EXISTS,Canonical primary per coveragePrimaryGuideSlug.
cmtu4kydw00n6ut9ok5fildm7,residential-water-tank-cleaning,Residential Water Tank Cleaning,cmtu4l2ix00kputg4oshij1bd,diy-shell-residential-water-tank-cleaning,true,RED,published,1542,1212,webp_ok,PRIMARY_DIY_ARTICLE_EXISTS,Canonical primary per coveragePrimaryGuideSlug.
cmtu4kydz00naut9om4kp7orm,villa-water-tank-cleaning,Villa Water Tank Cleaning,cmtu4l2j500ktutg4kqjrj5w3,diy-shell-villa-water-tank-cleaning,true,RED,published,1531,1199,webp_ok,PRIMARY_DIY_ARTICLE_EXISTS,Canonical primary per coveragePrimaryGuideSlug.
cmtu4kye100neut9ocbckl1k6,commercial-water-tank-cleaning,Commercial Water Tank Cleaning,cmtu4l2je00kxutg4uvoyoas8,diy-shell-commercial-water-tank-cleaning,true,RED,published,1543,1215,webp_ok,PRIMARY_DIY_ARTICLE_EXISTS,Canonical primary per coveragePrimaryGuideSlug.
cmtu4kye400niut9o64p5rx81,underground-water-tank-cleaning,Underground Water Tank Cleaning,cmtu4l2jn00l1utg4nukf82b6,diy-shell-underground-water-tank-cleaning,true,RED,published,1553,1272,webp_ok,PRIMARY_DIY_ARTICLE_EXISTS,Canonical primary per coveragePrimaryGuideSlug.
cmtu4kye700nmut9oe76uggql,rooftop-water-tank-cleaning,Rooftop Water Tank Cleaning,cmtu4l2jw00l5utg436skyzy4,diy-shell-rooftop-water-tank-cleaning,true,YELLOW,published,1516,1247,webp_ok,PRIMARY_DIY_ARTICLE_EXISTS,Canonical primary per coveragePrimaryGuideSlug.
cmtu4kyea00nqut9o0eowvqym,scheduled-water-tank-maintenance,Scheduled Water Tank Maintenance,cmtu4l2k400l9utg4y5dle21i,diy-shell-scheduled-water-tank-maintenance,true,RED,published,1545,1274,webp_ok,PRIMARY_DIY_ARTICLE_EXISTS,Canonical primary per coveragePrimaryGuideSlug.
cmtu4kyed00nuut9ou4v052jf,refrigerator-inspection,Refrigerator Inspection,cmtu4l2kd00ldutg4cuiq1z1z,diy-shell-refrigerator-inspection,true,YELLOW,published,1425,1222,webp_ok,PRIMARY_DIY_ARTICLE_EXISTS,Canonical primary per coveragePrimaryGuideSlug.
cmtu4kyeg00nyut9okfooorsu,refrigerator-cooling-problem,Refrigerator Cooling Problem,cmtu4l2kl00lhutg49o5pot3k,diy-shell-refrigerator-cooling-problem,true,YELLOW,published,1469,1214,webp_ok,PRIMARY_DIY_ARTICLE_EXISTS,Canonical primary per coveragePrimaryGuideSlug.
cmtu4kyei00o2ut9ovodfshlx,refrigerator-freezing-problem,Refrigerator Freezing Problem,cmtu4l2ku00llutg49qp93goy,diy-shell-refrigerator-freezing-problem,true,YELLOW,published,1465,1210,webp_ok,PRIMARY_DIY_ARTICLE_EXISTS,Canonical primary per coveragePrimaryGuideSlug.
cmtu4kyel00o6ut9o0m96b5iq,refrigerator-water-leakage,Refrigerator Water Leakage,cmtu4l2l200lputg47c8g8zjv,diy-shell-refrigerator-water-leakage,true,YELLOW,published,1464,1211,webp_ok,PRIMARY_DIY_ARTICLE_EXISTS,Canonical primary per coveragePrimaryGuideSlug.
cmtu4kyeo00oaut9odxroo5re,refrigerator-ice-formation-problem,Refrigerator Ice Formation Problem,cmtu4l2lb00ltutg4xckjxtiz,diy-shell-refrigerator-ice-formation-problem,true,YELLOW,published,1503,1234,webp_ok,PRIMARY_DIY_ARTICLE_EXISTS,Canonical primary per coveragePrimaryGuideSlug.
cmtu4kyes00oeut9o81h3ijpz,refrigerator-thermostat-inspection,Refrigerator Thermostat Inspection,cmtu4l2lk00lxutg4debhcde1,diy-shell-refrigerator-thermostat-inspection,true,RED,published,1499,1214,webp_ok,PRIMARY_DIY_ARTICLE_EXISTS,Canonical primary per coveragePrimaryGuideSlug.
cmtu4kyev00oiut9ovug0pgwh,refrigerator-compressor-inspection,Refrigerator Compressor Inspection,cmtu4l2lt00m1utg4f1p5ejvi,diy-shell-refrigerator-compressor-inspection,true,RED,published,1498,1216,webp_ok,PRIMARY_DIY_ARTICLE_EXISTS,Canonical primary per coveragePrimaryGuideSlug.
cmtu4kyey00omut9o898o8euu,refrigerator-compressor-replacement,Refrigerator Compressor Replacement,cmtu4l2m100m5utg4tndqd1e9,diy-shell-refrigerator-compressor-replacement,true,RED,published,1502,1210,webp_ok,PRIMARY_DIY_ARTICLE_EXISTS,Canonical primary per coveragePrimaryGuideSlug.
cmtu4kyf000oqut9oh5ua3tjr,refrigerator-fan-motor-repair,Refrigerator Fan Motor Repair,cmtu4l2ma00m9utg4avllbfsa,diy-shell-refrigerator-fan-motor-repair,true,RED,published,1545,1245,webp_ok,PRIMARY_DIY_ARTICLE_EXISTS,Canonical primary per coveragePrimaryGuideSlug.
cmtu4kyf300ouut9ofbu61dmq,refrigerator-door-seal-replacement,Refrigerator Door Seal Replacement,cmtu4l1el0035utg4qlbhwui9,diy-refrigerator-door-seal-replacement,true,GREEN,published,1639,1382,webp_ok,PRIMARY_DIY_ARTICLE_EXISTS,Canonical primary per coveragePrimaryGuideSlug.
cmtu4kyf600oyut9oiqvm886e,refrigerator-door-hinge-repair,Refrigerator Door Hinge Repair,cmtu4l1eu0039utg4mh9fhvkb,diy-refrigerator-door-hinge-repair,true,GREEN,published,1650,1398,webp_ok,PRIMARY_DIY_ARTICLE_EXISTS,Canonical primary per coveragePrimaryGuideSlug.
cmtu4kyf900p2ut9oqm0w0syn,refrigerator-temperature-control-repair,Refrigerator Temperature Control Repair,cmtu4l2mj00mdutg4j304y08v,diy-shell-refrigerator-temperature-control-repair,true,RED,published,1538,1225,webp_ok,PRIMARY_DIY_ARTICLE_EXISTS,Canonical primary per coveragePrimaryGuideSlug.
cmtu4kyfc00p6ut9oeyeq7lsi,refrigerator-drain-blockage-repair,Refrigerator Drain Blockage Repair,cmtu4l2ms00mhutg4qchgic18,diy-shell-refrigerator-drain-blockage-repair,true,YELLOW,published,1515,1231,webp_ok,PRIMARY_DIY_ARTICLE_EXISTS,Canonical primary per coveragePrimaryGuideSlug.
cmtu4kyfe00paut9oyhjfqtdu,refrigerator-electrical-fault-diagnosis,Refrigerator Electrical Fault Diagnosis,cmtu4l2n100mlutg4s094vtkm,diy-shell-refrigerator-electrical-fault-diagnosis,true,RED,published,1534,1234,webp_ok,PRIMARY_DIY_ARTICLE_EXISTS,Canonical primary per coveragePrimaryGuideSlug.
cmtu4kyfh00peut9o9hm8xmne,refrigerator-cleaning,Refrigerator Cleaning,cmtu4l1f5003dutg4jqb43kkp,diy-refrigerator-cleaning,true,GREEN,published,1578,1295,webp_ok,PRIMARY_DIY_ARTICLE_EXISTS,Canonical primary per coveragePrimaryGuideSlug.
cmtu4kyfk00piut9o3wmyjv0n,microwave-inspection,Microwave Inspection,cmtu4l2n900mputg4jjk289lj,diy-shell-microwave-inspection,true,YELLOW,published,1435,1215,webp_ok,PRIMARY_DIY_ARTICLE_EXISTS,Canonical primary per coveragePrimaryGuideSlug.
cmtu4kyfn00pmut9ogtn3oms3,microwave-heating-problem,Microwave Heating Problem,cmtu4l2nh00mtutg4puvbs9rq,diy-shell-microwave-heating-problem,true,RED,published,1511,1232,webp_ok,PRIMARY_DIY_ARTICLE_EXISTS,Canonical primary per coveragePrimaryGuideSlug.
cmtu4kyfq00pqut9oh5ne4v6i,microwave-no-power-diagnosis,Microwave No-Power Diagnosis,cmtu4l2nq00mxutg4xb75g7g9,diy-shell-microwave-no-power-diagnosis,true,RED,published,1527,1233,webp_ok,PRIMARY_DIY_ARTICLE_EXISTS,Canonical primary per coveragePrimaryGuideSlug.
cmtu4kyfs00puut9ooz6yj70z,microwave-spark-problem,Microwave Spark Problem,cmtu4l2o600n1utg4j6t1n16v,diy-shell-microwave-spark-problem,true,RED,published,1503,1224,webp_ok,PRIMARY_DIY_ARTICLE_EXISTS,Canonical primary per coveragePrimaryGuideSlug.
cmtu4kyfv00pyut9o7lb6z9jy,microwave-turntable-problem,Microwave Turntable Problem,cmtu4l2of00n5utg4cigxep2s,diy-shell-microwave-turntable-problem,true,REVIEW_REQUIRED,published,1497,1214,webp_ok,PRIMARY_DIY_ARTICLE_EXISTS,Canonical primary per coveragePrimaryGuideSlug.
cmtu4kyfy00q2ut9o8t3gat7z,microwave-door-problem,Microwave Door Problem,cmtu4l2oo00n9utg483dnk1eo,diy-shell-microwave-door-problem,true,REVIEW_REQUIRED,published,1483,1186,webp_ok,PRIMARY_DIY_ARTICLE_EXISTS,Canonical primary per coveragePrimaryGuideSlug.
cmtu4kyg000q6ut9or3kp8flm,microwave-door-switch-repair,Microwave Door Switch Repair,cmtu4l2ox00ndutg4zv5uxps2,diy-shell-microwave-door-switch-repair,true,RED,published,1549,1223,webp_ok,PRIMARY_DIY_ARTICLE_EXISTS,Canonical primary per coveragePrimaryGuideSlug.
cmtu4kyg400qaut9ockh2uuor,microwave-fuse-replacement,Microwave Fuse Replacement,cmtu4l2p600nhutg4s9v9qdxc,diy-shell-microwave-fuse-replacement,true,RED,published,1500,1218,webp_ok,PRIMARY_DIY_ARTICLE_EXISTS,Canonical primary per coveragePrimaryGuideSlug.
cmtu4kyg600qeut9oywf63bxz,microwave-control-panel-problem,Microwave Control Panel Problem,cmtu4l2pf00nlutg43rm3enfu,diy-shell-microwave-control-panel-problem,true,RED,published,1535,1240,webp_ok,PRIMARY_DIY_ARTICLE_EXISTS,Canonical primary per coveragePrimaryGuideSlug.
cmtu4kyg900qiut9obtujoq5h,microwave-display-problem,Microwave Display Problem,cmtu4l2po00nputg478s3sfrz,diy-shell-microwave-display-problem,true,RED,published,1494,1241,webp_ok,PRIMARY_DIY_ARTICLE_EXISTS,Canonical primary per coveragePrimaryGuideSlug.
cmtu4kygc00qmut9oxv1xdqpc,microwave-fan-problem,Microwave Fan Problem,cmtu4l2px00ntutg4c5y676dy,diy-shell-microwave-fan-problem,true,RED,published,1508,1236,webp_ok,PRIMARY_DIY_ARTICLE_EXISTS,Canonical primary per coveragePrimaryGuideSlug.
cmtu4kygf00qqut9om1j4e7wp,microwave-internal-cleaning,Microwave Internal Cleaning,cmtu4l1fd003hutg48eg0mbcs,diy-microwave-internal-cleaning,true,GREEN,published,1592,1368,webp_ok,PRIMARY_DIY_ARTICLE_EXISTS,Canonical primary per coveragePrimaryGuideSlug.
cmtu4kygi00quut9omtfa9m12,microwave-electrical-diagnosis,Microwave Electrical Diagnosis,cmtu4l2q500nxutg41nehbe0q,diy-shell-microwave-electrical-diagnosis,true,RED,published,1497,1221,webp_ok,PRIMARY_DIY_ARTICLE_EXISTS,Canonical primary per coveragePrimaryGuideSlug.
cmtu4kygl00qyut9ogve5n47q,washing-machine-inspection,Washing Machine Inspection,cmtu4l2qf00o1utg4zx0cp3vs,diy-shell-washing-machine-inspection,true,YELLOW,published,1475,1194,webp_ok,PRIMARY_DIY_ARTICLE_EXISTS,Canonical primary per coveragePrimaryGuideSlug.
cmtu4kygo00r2ut9ochgr1wmp,washing-machine-not-starting,Washing Machine Not Starting,cmtu4l2qo00o5utg444e9blun,diy-shell-washing-machine-not-starting,true,YELLOW,published,1515,1215,webp_ok,PRIMARY_DIY_ARTICLE_EXISTS,Canonical primary per coveragePrimaryGuideSlug.
cmtu4kygq00r6ut9ody7efuq3,washing-machine-not-spinning,Washing Machine Not Spinning,cmtu4l2qx00o9utg420uo1lgc,diy-shell-washing-machine-not-spinning,true,YELLOW,published,1517,1235,webp_ok,PRIMARY_DIY_ARTICLE_EXISTS,Canonical primary per coveragePrimaryGuideSlug.
cmtu4kygt00raut9ofk7zvw6y,washing-machine-water-filling-problem,Washing Machine Water Filling Problem,cmtu4l2r500odutg4ksznykxt,diy-shell-washing-machine-water-filling-problem,true,YELLOW,published,1529,1268,webp_ok,PRIMARY_DIY_ARTICLE_EXISTS,Canonical primary per coveragePrimaryGuideSlug.
cmtu4kygw00reut9oxf1dly4p,washing-machine-drainage-problem,Washing Machine Drainage Problem,cmtu4l2rf00ohutg4l0zhexty,diy-shell-washing-machine-drainage-problem,true,YELLOW,published,1507,1237,webp_ok,PRIMARY_DIY_ARTICLE_EXISTS,Canonical primary per coveragePrimaryGuideSlug.
cmtu4kygy00riut9owfxtbtci,washing-machine-water-leakage,Washing Machine Water Leakage,cmtu4l2ro00olutg4c7n2v8jp,diy-shell-washing-machine-water-leakage,true,YELLOW,published,1313,1212,webp_ok,PRIMARY_DIY_ARTICLE_EXISTS,Canonical primary per coveragePrimaryGuideSlug.
cmtu4kyh200rmut9olja9sajt,washing-machine-excessive-noise,Washing Machine Excessive Noise,cmtu4l2rx00oputg4ycaezxud,diy-shell-washing-machine-excessive-noise,true,YELLOW,published,1509,1223,webp_ok,PRIMARY_DIY_ARTICLE_EXISTS,Canonical primary per coveragePrimaryGuideSlug.
cmtu4kyh400rqut9opmbuyqs7,washing-machine-vibration-problem,Washing Machine Vibration Problem,cmtu4l2s600otutg4fij1fkag,diy-shell-washing-machine-vibration-problem,true,YELLOW,published,1522,1246,webp_ok,PRIMARY_DIY_ARTICLE_EXISTS,Canonical primary per coveragePrimaryGuideSlug.
cmtu4kyh700ruut9ogyjkxeaz,washing-machine-door-lock-problem,Washing Machine Door Lock Problem,cmtu4l2sf00oxutg4yyagc2nw,diy-shell-washing-machine-door-lock-problem,true,YELLOW,published,1545,1271,webp_ok,PRIMARY_DIY_ARTICLE_EXISTS,Canonical primary per coveragePrimaryGuideSlug.
cmtu4kyha00ryut9o09epc3ri,washing-machine-drum-problem,Washing Machine Drum Problem,cmtu4l2so00p1utg4fxzuavsb,diy-shell-washing-machine-drum-problem,true,RED,published,1529,1254,webp_ok,PRIMARY_DIY_ARTICLE_EXISTS,Canonical primary per coveragePrimaryGuideSlug.
cmtu4kyhd00s2ut9omfvdbfkq,washing-machine-pump-repair,Washing Machine Pump Repair,cmtu4l2sx00p5utg40pm25bxc,diy-shell-washing-machine-pump-repair,true,RED,published,1539,1217,webp_ok,PRIMARY_DIY_ARTICLE_EXISTS,Canonical primary per coveragePrimaryGuideSlug.
cmtu4kyhg00s6ut9okohfuhmn,washing-machine-motor-inspection,Washing Machine Motor Inspection,cmtu4l2t600p9utg4jl9502ci,diy-shell-washing-machine-motor-inspection,true,RED,published,1549,1247,webp_ok,PRIMARY_DIY_ARTICLE_EXISTS,Canonical primary per coveragePrimaryGuideSlug.
cmtu4kyhj00saut9ov76e6g8g,washing-machine-belt-replacement,Washing Machine Belt Replacement,cmtu4l2tf00pdutg4mj3f929n,diy-shell-washing-machine-belt-replacement,true,RED,published,1541,1240,webp_ok,PRIMARY_DIY_ARTICLE_EXISTS,Canonical primary per coveragePrimaryGuideSlug.
cmtu4kyhm00seut9oxaa44oz4,washing-machine-control-board-diagnosis,Washing Machine Control Board Diagnosis,cmtu4l2to00phutg4ovviwa87,diy-shell-washing-machine-control-board-diagnosis,true,RED,published,1587,1263,webp_ok,PRIMARY_DIY_ARTICLE_EXISTS,Canonical primary per coveragePrimaryGuideSlug.
cmtu4kyhp00siut9odzgehyl3,washing-machine-filter-cleaning,Washing Machine Filter Cleaning,cmtu4l1fm003lutg4vhk5rtq4,diy-washing-machine-filter-cleaning,true,GREEN,published,1640,1346,webp_ok,PRIMARY_DIY_ARTICLE_EXISTS,Canonical primary per coveragePrimaryGuideSlug.
cmtu4kyhs00smut9om2s8w9f2,washing-machine-preventive-maintenance,Washing Machine Preventive Maintenance,cmtu4l2tw00plutg4e6erji6j,diy-shell-washing-machine-preventive-maintenance,true,YELLOW,published,1496,1204,webp_ok,PRIMARY_DIY_ARTICLE_EXISTS,Canonical primary per coveragePrimaryGuideSlug.
cmtu4kyhu00squt9oq4k1qdgg,water-heater-inspection,Water Heater Inspection,cmtu4l2u600pputg464ozytxz,diy-shell-water-heater-inspection,true,YELLOW,published,1479,1228,webp_ok,PRIMARY_DIY_ARTICLE_EXISTS,Canonical primary per coveragePrimaryGuideSlug.
cmtu4kyhx00suut9orirmvp54,water-heater-no-hot-water,Water Heater No Hot Water,cmtu4l2ue00ptutg4qfw1crx2,diy-shell-water-heater-no-hot-water,true,RED,published,1579,1284,webp_ok,PRIMARY_DIY_ARTICLE_EXISTS,Canonical primary per coveragePrimaryGuideSlug.
cmtu4kyi000syut9oqvzqo7ea,water-heater-slow-heating,Water Heater Slow Heating,cmtu4l2un00pxutg46ornsaro,diy-shell-water-heater-slow-heating,true,RED,published,1553,1262,webp_ok,PRIMARY_DIY_ARTICLE_EXISTS,Canonical primary per coveragePrimaryGuideSlug.
cmtu4kyi300t2ut9ovjtnvr5t,water-heater-temperature-problem,Water Heater Temperature Problem,cmtu4l2uw00q1utg4g637cays,diy-shell-water-heater-temperature-problem,true,RED,published,1535,1258,webp_ok,PRIMARY_DIY_ARTICLE_EXISTS,Canonical primary per coveragePrimaryGuideSlug.
cmtu4kyi500t6ut9or3ci007x,water-heater-thermostat-repair,Water Heater Thermostat Repair,cmtu4l2v500q5utg4fgn1e8li,diy-shell-water-heater-thermostat-repair,true,RED,published,1541,1271,webp_ok,PRIMARY_DIY_ARTICLE_EXISTS,Canonical primary per coveragePrimaryGuideSlug.
cmtu4kyi800taut9onwuwxlp6,water-heater-heating-element-replacement,Water Heater Heating Element Replacement,cmtu4l2ve00q9utg4hc2vbrw6,diy-shell-water-heater-heating-element-replacement,true,RED,published,1596,1255,webp_ok,PRIMARY_DIY_ARTICLE_EXISTS,Canonical primary per coveragePrimaryGuideSlug.
cmtu4kyia00teut9o3gnrug99,water-heater-water-leakage-repair,Water Heater Water Leakage Repair,cmtu4l2vn00qdutg4em1it94o,diy-shell-water-heater-water-leakage-repair,true,RED,published,1592,1309,webp_ok,PRIMARY_DIY_ARTICLE_EXISTS,Canonical primary per coveragePrimaryGuideSlug.
cmtu4kyid00tiut9ohig9zfvq,water-heater-pressure-problem,Water Heater Pressure Problem,cmtu4l2vw00qhutg4ru6z8o2e,diy-shell-water-heater-pressure-problem,true,RED,published,1536,1279,webp_ok,PRIMARY_DIY_ARTICLE_EXISTS,Canonical primary per coveragePrimaryGuideSlug.
cmtu4kyig00tmut9o2ke37g8n,water-heater-tank-inspection,Water Heater Tank Inspection,cmtu4l2w500qlutg4q5409q7u,diy-shell-water-heater-tank-inspection,true,YELLOW,published,1503,1243,webp_ok,PRIMARY_DIY_ARTICLE_EXISTS,Canonical primary per coveragePrimaryGuideSlug.
cmtu4kyij00tqut9o4gv1zj8s,water-heater-valve-replacement,Water Heater Valve Replacement,cmtu4l2we00qputg4hho73rfs,diy-shell-water-heater-valve-replacement,true,RED,published,1552,1250,webp_ok,PRIMARY_DIY_ARTICLE_EXISTS,Canonical primary per coveragePrimaryGuideSlug.
cmtu4kyil00tuut9o93enbn2n,water-heater-electrical-fault-diagnosis,Water Heater Electrical Fault Diagnosis,cmtu4l2wo00qtutg4eq01z43i,diy-shell-water-heater-electrical-fault-diagnosis,true,RED,published,1579,1267,webp_ok,PRIMARY_DIY_ARTICLE_EXISTS,Canonical primary per coveragePrimaryGuideSlug.
cmtu4kyio00tyut9ovx13485i,water-heater-cleaning,Water Heater Cleaning,cmtu4l2wx00qxutg4t5bigfc6,diy-shell-water-heater-cleaning,true,YELLOW,published,1472,1184,webp_ok,PRIMARY_DIY_ARTICLE_EXISTS,Canonical primary per coveragePrimaryGuideSlug.
cmtu4kyir00u2ut9oaueikzxr,water-heater-scale-removal,Water Heater Scale Removal,cmtu4l2x500r1utg4f38fehim,diy-shell-water-heater-scale-removal,true,YELLOW,published,1504,1240,webp_ok,PRIMARY_DIY_ARTICLE_EXISTS,Canonical primary per coveragePrimaryGuideSlug.
cmtu4kyit00u6ut9o4kgabqqa,water-heater-preventive-maintenance,Water Heater Preventive Maintenance,cmtu4l2xf00r5utg4gt0b4a1l,diy-shell-water-heater-preventive-maintenance,true,YELLOW,published,1513,1209,webp_ok,PRIMARY_DIY_ARTICLE_EXISTS,Canonical primary per coveragePrimaryGuideSlug.
cmtu4kyiw00uaut9olud6lgcs,emergency-water-heater-repair,Emergency Water Heater Repair,cmtu4l2xo00r9utg4vnlvsgv6,diy-shell-emergency-water-heater-repair,true,RED,published,1542,1216,webp_ok,PRIMARY_DIY_ARTICLE_EXISTS,Canonical primary per coveragePrimaryGuideSlug.
cmtu4kyiz00ueut9o3z2atw9b,dishwasher-inspection,Dishwasher Inspection,cmtu4l2xw00rdutg4pl4cvcz2,diy-shell-dishwasher-inspection,true,YELLOW,published,1431,1204,webp_ok,PRIMARY_DIY_ARTICLE_EXISTS,Canonical primary per coveragePrimaryGuideSlug.
cmtu4kyj200uiut9oze8xog3x,dishwasher-not-starting,Dishwasher Not Starting,cmtu4l2y400rhutg40u1ogqsv,diy-shell-dishwasher-not-starting,true,YELLOW,published,1483,1217,webp_ok,PRIMARY_DIY_ARTICLE_EXISTS,Canonical primary per coveragePrimaryGuideSlug.
cmtu4kyj500umut9oshkkvhfd,dishwasher-not-cleaning-properly,Dishwasher Not Cleaning Properly,cmtu4l2ye00rlutg4x5cbddf0,diy-shell-dishwasher-not-cleaning-properly,true,YELLOW,published,1491,1248,webp_ok,PRIMARY_DIY_ARTICLE_EXISTS,Canonical primary per coveragePrimaryGuideSlug.
cmtu4kyj700uqut9ox14u3pup,dishwasher-water-filling-problem,Dishwasher Water Filling Problem,cmtu4l2yn00rputg4ivvyhswa,diy-shell-dishwasher-water-filling-problem,true,YELLOW,published,1511,1263,webp_ok,PRIMARY_DIY_ARTICLE_EXISTS,Canonical primary per coveragePrimaryGuideSlug.
cmtu4kyja00uuut9ofqzvwewo,dishwasher-drainage-problem,Dishwasher Drainage Problem,cmtu4l2yv00rtutg47821bffs,diy-shell-dishwasher-drainage-problem,true,YELLOW,published,1474,1218,webp_ok,PRIMARY_DIY_ARTICLE_EXISTS,Canonical primary per coveragePrimaryGuideSlug.
cmtu4kyjd00uyut9onv5iiy1y,dishwasher-water-leakage,Dishwasher Water Leakage,cmtu4l2z400rxutg4fp8ya4eg,diy-shell-dishwasher-water-leakage,true,YELLOW,published,1460,1233,webp_ok,PRIMARY_DIY_ARTICLE_EXISTS,Canonical primary per coveragePrimaryGuideSlug.
cmtu4kyjg00v2ut9o2kup2wp2,dishwasher-poor-drying,Dishwasher Poor Drying,cmtu4l2zd00s1utg44rr5du0r,diy-shell-dishwasher-poor-drying,true,YELLOW,published,1459,1210,webp_ok,PRIMARY_DIY_ARTICLE_EXISTS,Canonical primary per coveragePrimaryGuideSlug.
cmtu4kyjj00v6ut9ooqgp8gvx,dishwasher-spray-arm-cleaning,Dishwasher Spray Arm Cleaning,cmtu4l1ft003putg4rb5p3h95,diy-dishwasher-spray-arm-cleaning,true,GREEN,published,1647,1399,webp_ok,PRIMARY_DIY_ARTICLE_EXISTS,Canonical primary per coveragePrimaryGuideSlug.
cmtu4kyjm00vaut9o57whet8u,dishwasher-filter-cleaning,Dishwasher Filter Cleaning,cmtu4l1g2003tutg44j0r2fqf,diy-dishwasher-filter-cleaning,true,GREEN,published,1599,1343,webp_ok,PRIMARY_DIY_ARTICLE_EXISTS,Canonical primary per coveragePrimaryGuideSlug.
cmtu4kyjo00veut9oo6lm8r4j,dishwasher-pump-inspection,Dishwasher Pump Inspection,cmtu4l2zm00s5utg4n3m7tuno,diy-shell-dishwasher-pump-inspection,true,RED,published,1510,1264,webp_ok,PRIMARY_DIY_ARTICLE_EXISTS,Canonical primary per coveragePrimaryGuideSlug.
cmtu4kyjr00viut9oe1xhf5sh,dishwasher-door-seal-replacement,Dishwasher Door Seal Replacement,cmtu4l2zv00s9utg4ne612f4y,diy-shell-dishwasher-door-seal-replacement,true,YELLOW,published,1510,1260,webp_ok,PRIMARY_DIY_ARTICLE_EXISTS,Canonical primary per coveragePrimaryGuideSlug.
cmtu4kyju00vmut9occ17al3n,dishwasher-door-lock-repair,Dishwasher Door Lock Repair,cmtu4l30400sdutg4r9pgqnkb,diy-shell-dishwasher-door-lock-repair,true,YELLOW,published,1510,1255,webp_ok,PRIMARY_DIY_ARTICLE_EXISTS,Canonical primary per coveragePrimaryGuideSlug.
cmtu4kyjx00vqut9ocsvy1cl3,dishwasher-heating-problem,Dishwasher Heating Problem,cmtu4l30d00shutg4a4jdq6n3,diy-shell-dishwasher-heating-problem,true,RED,published,1499,1247,webp_ok,PRIMARY_DIY_ARTICLE_EXISTS,Canonical primary per coveragePrimaryGuideSlug.
cmtu4kyk000vuut9omp2pjcto,dishwasher-control-panel-diagnosis,Dishwasher Control Panel Diagnosis,cmtu4l30m00slutg41cs94yi3,diy-shell-dishwasher-control-panel-diagnosis,true,RED,published,1543,1245,webp_ok,PRIMARY_DIY_ARTICLE_EXISTS,Canonical primary per coveragePrimaryGuideSlug.
cmtu4kyk300vyut9oq8flsy7f,dishwasher-preventive-maintenance,Dishwasher Preventive Maintenance,cmtu4l30v00sputg42qr55pap,diy-shell-dishwasher-preventive-maintenance,true,YELLOW,published,1476,1210,webp_ok,PRIMARY_DIY_ARTICLE_EXISTS,Canonical primary per coveragePrimaryGuideSlug.
cmtu4kyk600w2ut9ouwwlbfit,gym-deep-cleaning,Gym Deep Cleaning,cmtu4l1ga003xutg4yhsnxdv8,diy-gym-deep-cleaning,true,GREEN,published,1597,1327,webp_ok,PRIMARY_DIY_ARTICLE_EXISTS,Canonical primary per coveragePrimaryGuideSlug.
cmtu4kyk900w6ut9o1bd5qt57,gym-regular-cleaning,Gym Regular Cleaning,cmtu4l1gj0041utg4i91xgkq1,diy-gym-regular-cleaning,true,GREEN,published,1608,1344,webp_ok,PRIMARY_DIY_ARTICLE_EXISTS,Canonical primary per coveragePrimaryGuideSlug.
cmtu4kykc00waut9oqpei4ye7,gym-equipment-cleaning,Gym Equipment Cleaning,cmtu4l1gq0045utg43lja7buw,diy-gym-equipment-cleaning,true,GREEN,published,1596,1403,webp_ok,PRIMARY_DIY_ARTICLE_EXISTS,Canonical primary per coveragePrimaryGuideSlug.
cmtu4kykf00weut9obesu9i3b,gym-floor-cleaning,Gym Floor Cleaning,cmtu4l1gz0049utg4evvx7zr7,diy-gym-floor-cleaning,true,GREEN,published,1610,1407,webp_ok,PRIMARY_DIY_ARTICLE_EXISTS,Canonical primary per coveragePrimaryGuideSlug.
cmtu4kykh00wiut9o1nhq83py,gym-glass-cleaning,Gym Glass Cleaning,cmtu4l1h6004dutg4zlt4khue,diy-gym-glass-cleaning,true,GREEN,published,1594,1401,webp_ok,PRIMARY_DIY_ARTICLE_EXISTS,Canonical primary per coveragePrimaryGuideSlug.
cmtu4kykk00wmut9o4wp2znf5,gym-sanitization,Gym Sanitization,cmtu4l31600stutg4pcp8ewz8,diy-shell-gym-sanitization,true,REVIEW_REQUIRED,published,1466,1200,webp_ok,PRIMARY_DIY_ARTICLE_EXISTS,Canonical primary per coveragePrimaryGuideSlug.
cmtu4kykn00wqut9oilanog40,gym-disinfection,Gym Disinfection,cmtu4l31f00sxutg4nyf6uhor,diy-shell-gym-disinfection,true,REVIEW_REQUIRED,published,1458,1225,webp_ok,PRIMARY_DIY_ARTICLE_EXISTS,Canonical primary per coveragePrimaryGuideSlug.
cmtu4kykr00wuut9ois0m51ii,locker-cleaning,Locker Cleaning,cmtu4l1he004hutg41z5lulsh,diy-locker-cleaning,true,GREEN,published,1574,1339,webp_ok,PRIMARY_DIY_ARTICLE_EXISTS,Canonical primary per coveragePrimaryGuideSlug.
cmtu4kykt00wyut9o60g8n3nz,shower-and-changing-room-cleaning,Shower & Changing Room Cleaning,cmtu4l1hm004lutg47twhp5k4,diy-shower-and-changing-room-cleaning,true,GREEN,published,1680,1393,webp_ok,PRIMARY_DIY_ARTICLE_EXISTS,Canonical primary per coveragePrimaryGuideSlug.
cmtu4kykw00x2ut9onoroglcv,fitness-equipment-inspection,Fitness Equipment Inspection,cmtu4l31n00t1utg48fs8ra3k,diy-shell-fitness-equipment-inspection,true,REVIEW_REQUIRED,published,1504,1232,webp_ok,PRIMARY_DIY_ARTICLE_EXISTS,Canonical primary per coveragePrimaryGuideSlug.
cmtu4kykz00x6ut9orl8mjf3e,treadmill-maintenance,Treadmill Maintenance,cmtu4l31w00t5utg4xvyi653f,diy-shell-treadmill-maintenance,true,REVIEW_REQUIRED,published,1464,1205,webp_ok,PRIMARY_DIY_ARTICLE_EXISTS,Canonical primary per coveragePrimaryGuideSlug.
cmtu4kyl100xaut9o5jpg7fii,exercise-bike-maintenance,Exercise Bike Maintenance,cmtu4l32500t9utg4n432eh8w,diy-shell-exercise-bike-maintenance,true,REVIEW_REQUIRED,published,1499,1217,webp_ok,PRIMARY_DIY_ARTICLE_EXISTS,Canonical primary per coveragePrimaryGuideSlug.
cmtu4kyl400xeut9o803kdlyt,cross-trainer-maintenance,Cross-Trainer Maintenance,cmtu4l32e00tdutg47o3drsg1,diy-shell-cross-trainer-maintenance,true,REVIEW_REQUIRED,published,1485,1228,webp_ok,PRIMARY_DIY_ARTICLE_EXISTS,Canonical primary per coveragePrimaryGuideSlug.
cmtu4kyl700xiut9o4alkobj0,weight-equipment-maintenance,Weight Equipment Maintenance,cmtu4l32n00thutg42jafkuz3,diy-shell-weight-equipment-maintenance,true,REVIEW_REQUIRED,published,1506,1223,webp_ok,PRIMARY_DIY_ARTICLE_EXISTS,Canonical primary per coveragePrimaryGuideSlug.
cmtu4kyla00xmut9ovoxvaj24,preventive-gym-maintenance,Preventive Gym Maintenance,cmtu4l32w00tlutg41uvhb7ku,diy-shell-preventive-gym-maintenance,true,REVIEW_REQUIRED,published,1498,1188,webp_ok,PRIMARY_DIY_ARTICLE_EXISTS,Canonical primary per coveragePrimaryGuideSlug.
cmtu4kylc00xqut9omie7djap,oven-inspection,Oven Inspection,cmtu4l33400tputg40cazvujq,diy-shell-oven-inspection,true,YELLOW,published,1447,1197,webp_ok,PRIMARY_DIY_ARTICLE_EXISTS,Canonical primary per coveragePrimaryGuideSlug.
cmtu4kylf00xuut9oazpy2enu,oven-not-heating,Oven Not Heating,cmtu4l33d00ttutg48h2iwada,diy-shell-oven-not-heating,true,RED,published,1499,1206,webp_ok,PRIMARY_DIY_ARTICLE_EXISTS,Canonical primary per coveragePrimaryGuideSlug.
cmtu4kyli00xyut9o663sgu9m,oven-uneven-heating,Oven Uneven Heating,cmtu4l33m00txutg46t7t6ry0,diy-shell-oven-uneven-heating,true,RED,published,1502,1203,webp_ok,PRIMARY_DIY_ARTICLE_EXISTS,Canonical primary per coveragePrimaryGuideSlug.
cmtu4kylk00y2ut9owgx1edbh,oven-temperature-problem,Oven Temperature Problem,cmtu4l33w00u1utg4k9mffgb9,diy-shell-oven-temperature-problem,true,RED,published,1503,1227,webp_ok,PRIMARY_DIY_ARTICLE_EXISTS,Canonical primary per coveragePrimaryGuideSlug.
cmtu4kyln00y6ut9oklsa3jhd,oven-heating-element-replacement,Oven Heating Element Replacement,cmtu4l34500u5utg41lv9ta4x,diy-shell-oven-heating-element-replacement,true,RED,published,1536,1215,webp_ok,PRIMARY_DIY_ARTICLE_EXISTS,Canonical primary per coveragePrimaryGuideSlug.
cmtu4kylq00yaut9o1dp08cvt,oven-thermostat-repair,Oven Thermostat Repair,cmtu4l34e00u9utg41x3u0fi9,diy-shell-oven-thermostat-repair,true,RED,published,1496,1232,webp_ok,PRIMARY_DIY_ARTICLE_EXISTS,Canonical primary per coveragePrimaryGuideSlug.
cmtu4kylt00yeut9owv3mktvg,oven-door-repair,Oven Door Repair,cmtu4l34m00udutg4bf6ea6vs,diy-shell-oven-door-repair,true,YELLOW,published,1468,1217,webp_ok,PRIMARY_DIY_ARTICLE_EXISTS,Canonical primary per coveragePrimaryGuideSlug.
cmtu4kylv00yiut9oq0mx5yp3,oven-door-seal-replacement,Oven Door Seal Replacement,cmtu4l34v00uhutg4g179qtl6,diy-shell-oven-door-seal-replacement,true,YELLOW,published,1501,1240,webp_ok,PRIMARY_DIY_ARTICLE_EXISTS,Canonical primary per coveragePrimaryGuideSlug.
cmtu4kyly00ymut9o5qw34jj3,oven-fan-repair,Oven Fan Repair,cmtu4l35400ulutg4qi4nlouu,diy-shell-oven-fan-repair,true,RED,published,1505,1234,webp_ok,PRIMARY_DIY_ARTICLE_EXISTS,Canonical primary per coveragePrimaryGuideSlug.
cmtu4kym000yqut9om32s7flw,oven-timer-problem,Oven Timer Problem,cmtu4l35d00uputg4f8scv1m1,diy-shell-oven-timer-problem,true,RED,published,1507,1215,webp_ok,PRIMARY_DIY_ARTICLE_EXISTS,Canonical primary per coveragePrimaryGuideSlug.
cmtu4kym400yuut9o7y6avagj,oven-control-panel-problem,Oven Control Panel Problem,cmtu4l35m00ututg4wf4z0mrz,diy-shell-oven-control-panel-problem,true,RED,published,1528,1238,webp_ok,PRIMARY_DIY_ARTICLE_EXISTS,Canonical primary per coveragePrimaryGuideSlug.
cmtu4kym700yyut9osef6nmy9,oven-electrical-fault-diagnosis,Oven Electrical Fault Diagnosis,cmtu4l35v00uxutg4u7b389ry,diy-shell-oven-electrical-fault-diagnosis,true,RED,published,1542,1226,webp_ok,PRIMARY_DIY_ARTICLE_EXISTS,Canonical primary per coveragePrimaryGuideSlug.
cmtu4kym900z2ut9osep96jes,gas-oven-inspection,Gas Oven Inspection,cmtu4l36400v1utg408o5rquk,diy-shell-gas-oven-inspection,true,RED,published,1499,1240,webp_ok,PRIMARY_DIY_ARTICLE_EXISTS,Canonical primary per coveragePrimaryGuideSlug.
cmtu4kymc00z6ut9o2kin9658,oven-cleaning,Oven Cleaning,cmtu4l1hu004putg4jttwsjc4,diy-oven-cleaning,true,GREEN,published,1555,1286,webp_ok,PRIMARY_DIY_ARTICLE_EXISTS,Canonical primary per coveragePrimaryGuideSlug.
cmtu4kymf00zaut9ozht5j9kn,oven-preventive-maintenance,Oven Preventive Maintenance,cmtu4l36c00v5utg4ehppmw46,diy-shell-oven-preventive-maintenance,true,YELLOW,published,1473,1194,webp_ok,PRIMARY_DIY_ARTICLE_EXISTS,Canonical primary per coveragePrimaryGuideSlug.
cmtu4kymh00zeut9onc3g7tzh,gas-cooker-inspection,Gas Cooker Inspection,cmtu4l36m00v9utg4ksejd75r,diy-shell-gas-cooker-inspection,true,RED,published,1502,1213,webp_ok,PRIMARY_DIY_ARTICLE_EXISTS,Canonical primary per coveragePrimaryGuideSlug.
cmtu4kymk00ziut9obtetg5xg,gas-burner-cleaning,Gas Burner Cleaning,cmtu4l36u00vdutg4eczo345j,diy-shell-gas-burner-cleaning,true,YELLOW,published,1464,1208,webp_ok,PRIMARY_DIY_ARTICLE_EXISTS,Canonical primary per coveragePrimaryGuideSlug.
cmtu4kymo00zmut9o87tc5d3y,gas-burner-repair,Gas Burner Repair,cmtu4l37400vhutg4o5q9uwb4,diy-shell-gas-burner-repair,true,RED,published,1503,1220,webp_ok,PRIMARY_DIY_ARTICLE_EXISTS,Canonical primary per coveragePrimaryGuideSlug.
cmtu4kymr00zqut9ogrc59aao,gas-burner-replacement,Gas Burner Replacement,cmtu4l37d00vlutg4211voxwi,diy-shell-gas-burner-replacement,true,RED,published,1498,1226,webp_ok,PRIMARY_DIY_ARTICLE_EXISTS,Canonical primary per coveragePrimaryGuideSlug.
cmtu4kymt00zuut9ol4zqwua5,gas-cooker-ignition-repair,Gas Cooker Ignition Repair,cmtu4l37m00vputg4g029w49f,diy-shell-gas-cooker-ignition-repair,true,RED,published,1540,1266,webp_ok,PRIMARY_DIY_ARTICLE_EXISTS,Canonical primary per coveragePrimaryGuideSlug.
cmtu4kymw00zyut9obb6egot4,gas-flame-problem-diagnosis,Gas Flame Problem Diagnosis,cmtu4l37v00vtutg43vnffz1l,diy-shell-gas-flame-problem-diagnosis,true,RED,published,1531,1241,webp_ok,PRIMARY_DIY_ARTICLE_EXISTS,Canonical primary per coveragePrimaryGuideSlug.
cmtu4kymy0102ut9o2o9azl7i,uneven-flame-diagnosis,Uneven Flame Diagnosis,cmtu4l38500vxutg4rq13ahee,diy-shell-uneven-flame-diagnosis,true,RED,published,1493,1199,webp_ok,PRIMARY_DIY_ARTICLE_EXISTS,Canonical primary per coveragePrimaryGuideSlug.
cmtu4kyn10106ut9o3crokg0m,gas-leakage-inspection,Gas Leakage Inspection,cmtu4l38f00w1utg45x45vpqp,diy-shell-gas-leakage-inspection,true,RED,published,1500,1218,webp_ok,PRIMARY_DIY_ARTICLE_EXISTS,Canonical primary per coveragePrimaryGuideSlug.
cmtu4kynf010aut9o8yhpc5r6,gas-hose-inspection,Gas Hose Inspection,cmtu4l38o00w5utg4t41q8sx7,diy-shell-gas-hose-inspection,true,RED,published,1505,1200,webp_ok,PRIMARY_DIY_ARTICLE_EXISTS,Canonical primary per coveragePrimaryGuideSlug.
cmtu4kyni010eut9o83rxj1aj,gas-hose-replacement,Gas Hose Replacement,cmtu4l38x00w9utg4wfd4rt0w,diy-shell-gas-hose-replacement,true,RED,published,1508,1190,webp_ok,PRIMARY_DIY_ARTICLE_EXISTS,Canonical primary per coveragePrimaryGuideSlug.
cmtu4kynl010iut9o64vvez28,gas-valve-inspection,Gas Valve Inspection,cmtu4l39b00wdutg4yttaysxm,diy-shell-gas-valve-inspection,true,RED,published,1506,1221,webp_ok,PRIMARY_DIY_ARTICLE_EXISTS,Canonical primary per coveragePrimaryGuideSlug.
cmtu4kyno010mut9ox2dqhkhi,gas-valve-replacement,Gas Valve Replacement,cmtu4l39j00whutg40y85spbq,diy-shell-gas-valve-replacement,true,RED,published,1501,1200,webp_ok,PRIMARY_DIY_ARTICLE_EXISTS,Canonical primary per coveragePrimaryGuideSlug.
cmtu4kynq010qut9ojudmldn2,cooker-knob-replacement,Cooker Knob Replacement,cmtu4l39t00wlutg4r21ir7i5,diy-shell-cooker-knob-replacement,true,YELLOW,published,1461,1206,webp_ok,PRIMARY_DIY_ARTICLE_EXISTS,Canonical primary per coveragePrimaryGuideSlug.
cmtu4kynt010uut9os6x4ufn0,cooker-igniter-repair,Cooker Igniter Repair,cmtu4l3a200wputg4ciqjzp1v,diy-shell-cooker-igniter-repair,true,RED,published,1494,1212,webp_ok,PRIMARY_DIY_ARTICLE_EXISTS,Canonical primary per coveragePrimaryGuideSlug.
cmtu4kynv010yut9o44sb5zgk,gas-cooker-cleaning,Gas Cooker Cleaning,cmtu4l3ab00wtutg4idddd1y1,diy-shell-gas-cooker-cleaning,true,YELLOW,published,1491,1219,webp_ok,PRIMARY_DIY_ARTICLE_EXISTS,Canonical primary per coveragePrimaryGuideSlug.
cmtu4kyny0112ut9ooz0qss2g,hob-cleaning,Hob Cleaning,cmtu4l3ak00wxutg47zd644q4,diy-shell-hob-cleaning,true,YELLOW,published,1446,1194,webp_ok,PRIMARY_DIY_ARTICLE_EXISTS,Canonical primary per coveragePrimaryGuideSlug.
cmtu4kyo10116ut9ogzzjku3t,glass-hob-maintenance,Glass Hob Maintenance,cmtu4l3at00x1utg4ni6r51et,diy-shell-glass-hob-maintenance,true,YELLOW,published,1489,1212,webp_ok,PRIMARY_DIY_ARTICLE_EXISTS,Canonical primary per coveragePrimaryGuideSlug.
cmtu4kyo3011aut9oreod4fuo,electric-cooker-repair,Electric Cooker Repair,cmtu4l3b100x5utg46xspohqs,diy-shell-electric-cooker-repair,true,REVIEW_REQUIRED,published,1502,1217,webp_ok,PRIMARY_DIY_ARTICLE_EXISTS,Canonical primary per coveragePrimaryGuideSlug.
cmtu4kyo6011eut9odj8cs55u,induction-cooker-inspection,Induction Cooker Inspection,cmtu4l3ba00x9utg4b8rp91t2,diy-shell-induction-cooker-inspection,true,REVIEW_REQUIRED,published,1505,1209,webp_ok,PRIMARY_DIY_ARTICLE_EXISTS,Canonical primary per coveragePrimaryGuideSlug.
