serviceId,oldName,newName,oldSlug,newSlug,oldCategory,newCategory,action,reason,riskLevel,diyAvailable,duplicateStatus,legacyStatus,seoStatus,finalStatus,kind,electricalArea
prop-1,Cleaning Services,Cleaning Services,cleaning,cleaning-services,cleaning,cleaning,KEEP,Existing approved parent category — keep; no split/merge without stronger reason,YELLOW,false,parent-hub,n/a-audit,proposed,proposed-approved,parent,
prop-2,General Building Maintenance,General Building Maintenance,general-maintenance,building-maintenance,general-maintenance,general-maintenance,KEEP,Existing approved parent category — keep; no split/merge without stronger reason,YELLOW,false,parent-hub,n/a-audit,proposed,proposed-approved,parent,
prop-3,Plumbing Maintenance,Plumbing Maintenance,plumbing,plumbing-maintenance,plumbing,plumbing,KEEP,Existing approved parent category — keep; no split/merge without stronger reason,YELLOW,false,parent-hub,n/a-audit,proposed,proposed-approved,parent,
prop-4,Electrical Maintenance,Electrical Maintenance,electrical,electrical-maintenance,electrical,electrical,KEEP,Existing approved parent category — keep; no split/merge without stronger reason,YELLOW,false,parent-hub,n/a-audit,proposed,proposed-approved,parent,
prop-5,AC / Air Conditioning Maintenance,AC / Air Conditioning Maintenance,ac,ac-maintenance,ac,ac,KEEP,Existing approved parent category — keep; no split/merge without stronger reason,YELLOW,false,parent-hub,n/a-audit,proposed,proposed-approved,parent,
prop-6,Painting Services,Painting Services,painting,painting-services,painting,painting,KEEP,Existing approved parent category — keep; no split/merge without stronger reason,YELLOW,false,parent-hub,n/a-audit,proposed,proposed-approved,parent,
prop-7,Wall Maintenance & Repair,Wall Maintenance & Repair,walls,wall-maintenance,walls,walls,KEEP,Existing approved parent category — keep; no split/merge without stronger reason,YELLOW,false,parent-hub,n/a-audit,proposed,proposed-approved,parent,
prop-8,Swimming Pool Cleaning & Maintenance,Swimming Pool Cleaning & Maintenance,swimming-pool,swimming-pool-maintenance,swimming-pool,swimming-pool,KEEP,Existing approved parent category — keep; no split/merge without stronger reason,YELLOW,false,parent-hub,n/a-audit,proposed,proposed-approved,parent,
prop-9,Sauna Room Cleaning & Maintenance,Sauna Room Cleaning & Maintenance,sauna,sauna-maintenance,sauna,sauna,KEEP,Existing approved parent category — keep; no split/merge without stronger reason,YELLOW,false,parent-hub,n/a-audit,proposed,proposed-approved,parent,
prop-10,Water Tank Cleaning & Maintenance,Water Tank Cleaning & Maintenance,water-tank,water-tank-cleaning,water-tank,water-tank,KEEP,Existing approved parent category — keep; no split/merge without stronger reason,YELLOW,false,parent-hub,n/a-audit,proposed,proposed-approved,parent,
prop-11,Refrigerator Maintenance / Repair,Refrigerator Maintenance / Repair,refrigerator,refrigerator,refrigerator,refrigerator,KEEP,Existing approved parent category — keep; no split/merge without stronger reason,YELLOW,false,parent-hub,n/a-audit,proposed,proposed-approved,parent,
prop-12,Microwave Maintenance / Repair,Microwave Maintenance / Repair,microwave,microwave,microwave,microwave,KEEP,Existing approved parent category — keep; no split/merge without stronger reason,YELLOW,false,parent-hub,n/a-audit,proposed,proposed-approved,parent,
prop-13,Washing Machine Maintenance / Repair,Washing Machine Maintenance / Repair,washing-machine,washing-machine,washing-machine,washing-machine,KEEP,Existing approved parent category — keep; no split/merge without stronger reason,YELLOW,false,parent-hub,n/a-audit,proposed,proposed-approved,parent,
prop-14,Water Heater Maintenance / Repair,Water Heater Maintenance / Repair,water-heater,water-heater,water-heater,water-heater,KEEP,Existing approved parent category — keep; no split/merge without stronger reason,YELLOW,false,parent-hub,n/a-audit,proposed,proposed-approved,parent,
prop-15,Dishwasher Maintenance / Repair,Dishwasher Maintenance / Repair,dishwasher,dishwasher,dishwasher,dishwasher,KEEP,Existing approved parent category — keep; no split/merge without stronger reason,YELLOW,false,parent-hub,n/a-audit,proposed,proposed-approved,parent,
prop-16,Gym Cleaning & Maintenance,Gym Cleaning & Maintenance,gym,gym-cleaning-maintenance,gym,gym,KEEP,Existing approved parent category — keep; no split/merge without stronger reason,YELLOW,false,parent-hub,n/a-audit,proposed,proposed-approved,parent,
prop-17,Oven Maintenance / Repair,Oven Maintenance / Repair,oven,oven,oven,oven,KEEP,Existing approved parent category — keep; no split/merge without stronger reason,YELLOW,false,parent-hub,n/a-audit,proposed,proposed-approved,parent,
prop-18,Burner / Cooker Maintenance / Repair,Burner / Cooker Maintenance / Repair,burner-cooker,burner-cooker,burner-cooker,burner-cooker,KEEP,Existing approved parent category — keep; no split/merge without stronger reason,YELLOW,false,parent-hub,n/a-audit,proposed,proposed-approved,parent,
prop-19,,AC Capacitor Replacement,,ac-capacitor-replacement,ac,ac,ADD,Live capacitor work — RED,RED,false,unique,n/a-audit,proposed,proposed-approved,child,
prop-20,AC Cleaning,AC Cleaning,ac-cleaning,ac-cleaning,ac,ac,KEEP,Existing approved baseline service,YELLOW,true,unique,n/a-audit,proposed,proposed-approved,child,
prop-21,AC Cooling Problem Diagnosis,AC Cooling Problem Diagnosis,ac-cooling-problem-diagnosis,ac-cooling-problem-diagnosis,ac,ac,KEEP,Existing approved baseline service,YELLOW,true,unique,n/a-audit,proposed,proposed-approved,child,
prop-22,AC Drain Cleaning,AC Drain Cleaning,ac-drain-cleaning,ac-drain-cleaning,ac,ac,KEEP,Existing approved baseline service,YELLOW,true,unique,n/a-audit,proposed,proposed-approved,child,
prop-23,AC Drain Pipe Repair,AC Drain Pipe Repair,ac-drain-pipe-repair,ac-drain-pipe-repair,ac,ac,KEEP,Existing approved baseline service,YELLOW,true,unique,n/a-audit,proposed,proposed-approved,child,
prop-24,AC Filter Cleaning,AC Filter Cleaning,ac-filter-cleaning,ac-filter-cleaning,ac,ac,KEEP,Existing approved baseline service,YELLOW,true,unique,n/a-audit,proposed,proposed-approved,child,
prop-25,AC Gas Check,AC Gas Check,ac-gas-check,ac-gas-check,ac,ac,KEEP,Existing approved baseline service,YELLOW,true,unique,n/a-audit,proposed,proposed-approved,child,
prop-26,AC Gas Recharge,AC Gas Recharge,ac-gas-recharge,ac-gas-recharge,ac,ac,KEEP,Existing approved baseline service,RED,false,unique,n/a-audit,proposed,proposed-approved,child,
prop-27,AC Inspection,AC Inspection,ac-inspection,ac-inspection,ac,ac,KEEP,Existing approved baseline service,YELLOW,true,unique,n/a-audit,proposed,proposed-approved,child,
prop-28,AC Installation,AC Installation,ac-installation,ac-installation,ac,ac,KEEP,Existing approved baseline service,RED,false,unique,n/a-audit,proposed,proposed-approved,child,
prop-29,AC Noise Problem Diagnosis,AC Noise Problem Diagnosis,ac-noise-problem-diagnosis,ac-noise-problem-diagnosis,ac,ac,KEEP,Existing approved baseline service,YELLOW,true,unique,n/a-audit,proposed,proposed-approved,child,
prop-30,,AC PCB Diagnosis,,ac-pcb-diagnosis,ac,ac,ADD,Board-level diagnosis,RED,false,unique,n/a-audit,proposed,proposed-approved,child,
prop-31,AC Preventive Maintenance,AC Preventive Maintenance,ac-preventive-maintenance,ac-preventive-maintenance,ac,ac,KEEP,Existing approved baseline service,YELLOW,true,unique,n/a-audit,proposed,proposed-approved,child,
prop-32,AC Replacement,AC Replacement,ac-replacement,ac-replacement,ac,ac,KEEP,Existing approved baseline service,RED,false,unique,n/a-audit,proposed,proposed-approved,child,
prop-33,AC Servicing,AC Servicing,ac-servicing,ac-servicing,ac,ac,KEEP,Existing approved baseline service,YELLOW,true,unique,n/a-audit,proposed,proposed-approved,child,
prop-34,,AC Thermostat Repair,,ac-thermostat-repair,ac,ac,ADD,Control/thermostat intent,YELLOW,true,unique,n/a-audit,proposed,proposed-approved,child,
prop-35,AC Water Leakage Repair,AC Water Leakage Repair,ac-water-leakage-repair,ac-water-leakage-repair,ac,ac,KEEP,Existing approved baseline service,YELLOW,true,unique,n/a-audit,proposed,proposed-approved,child,
prop-36,,Cassette AC Maintenance,,cassette-ac-maintenance,ac,ac,ADD,Cassette form-factor maintenance,YELLOW,true,unique,n/a-audit,proposed,proposed-approved,child,
prop-37,Central AC Maintenance,Central AC Maintenance,central-ac-maintenance,central-ac-maintenance,ac,ac,KEEP,Existing approved baseline service,YELLOW,true,unique,n/a-audit,proposed,proposed-approved,child,
prop-38,Ducted AC Maintenance,Ducted AC Maintenance,ducted-ac-maintenance,ducted-ac-maintenance,ac,ac,KEEP,Existing approved baseline service,YELLOW,true,unique,n/a-audit,proposed,proposed-approved,child,
prop-39,Package AC Maintenance,Package AC Maintenance,package-ac-maintenance,package-ac-maintenance,ac,ac,KEEP,Existing approved baseline service,YELLOW,true,unique,n/a-audit,proposed,proposed-approved,child,
prop-40,Split AC Maintenance,Split AC Maintenance,split-ac-maintenance,split-ac-maintenance,ac,ac,KEEP,Existing approved baseline service,YELLOW,true,unique,n/a-audit,proposed,proposed-approved,child,
prop-41,,Window AC Maintenance,,window-ac-maintenance,ac,ac,ADD,Window unit maintenance,YELLOW,true,unique,n/a-audit,proposed,proposed-approved,child,
prop-42,Cooker Igniter Repair,Cooker Igniter Repair,cooker-igniter-repair,cooker-igniter-repair,burner-cooker,burner-cooker,KEEP,Existing approved baseline service,YELLOW,true,unique,n/a-audit,proposed,proposed-approved,child,
prop-43,Cooker Knob Replacement,Cooker Knob Replacement,cooker-knob-replacement,cooker-knob-replacement,burner-cooker,burner-cooker,KEEP,Existing approved baseline service,RED,false,unique,n/a-audit,proposed,proposed-approved,child,
prop-44,Electric Cooker Repair,Electric Cooker Repair,electric-cooker-repair,electric-cooker-repair,burner-cooker,burner-cooker,KEEP,Existing approved baseline service,YELLOW,true,unique,n/a-audit,proposed,proposed-approved,child,
prop-45,Gas Burner Cleaning,Gas Burner Cleaning,gas-burner-cleaning,gas-burner-cleaning,burner-cooker,burner-cooker,KEEP,Existing approved baseline service,YELLOW,true,unique,n/a-audit,proposed,proposed-approved,child,
prop-46,Gas Burner Repair,Gas Burner Repair,gas-burner-repair,gas-burner-repair,burner-cooker,burner-cooker,KEEP,Existing approved baseline service,YELLOW,true,unique,n/a-audit,proposed,proposed-approved,child,
prop-47,Gas Burner Replacement,Gas Burner Replacement,gas-burner-replacement,gas-burner-replacement,burner-cooker,burner-cooker,KEEP,Existing approved baseline service,RED,false,unique,n/a-audit,proposed,proposed-approved,child,
prop-48,Gas Cooker Cleaning,Gas Cooker Cleaning,gas-cooker-cleaning,gas-cooker-cleaning,burner-cooker,burner-cooker,KEEP,Existing approved baseline service,YELLOW,true,unique,n/a-audit,proposed,proposed-approved,child,
prop-49,Gas Cooker Ignition Repair,Gas Cooker Ignition Repair,gas-cooker-ignition-repair,gas-cooker-ignition-repair,burner-cooker,burner-cooker,KEEP,Existing approved baseline service,YELLOW,true,unique,n/a-audit,proposed,proposed-approved,child,
prop-50,Gas Cooker Inspection,Gas Cooker Inspection,gas-cooker-inspection,gas-cooker-inspection,burner-cooker,burner-cooker,KEEP,Existing approved baseline service,YELLOW,true,unique,n/a-audit,proposed,proposed-approved,child,
prop-51,,Gas Cooker Installation,,gas-cooker-installation,burner-cooker,burner-cooker,ADD,Gas appliance install; RR,REVIEW_REQUIRED,false,unique,n/a-audit,proposed,proposed-approved,child,
prop-52,Gas Flame Problem Diagnosis,Gas Flame Problem Diagnosis,gas-flame-problem-diagnosis,gas-flame-problem-diagnosis,burner-cooker,burner-cooker,KEEP,Existing approved baseline service,YELLOW,true,unique,n/a-audit,proposed,proposed-approved,child,
prop-53,Gas Hose Inspection,Gas Hose Inspection,gas-hose-inspection,gas-hose-inspection,burner-cooker,burner-cooker,KEEP,Existing approved baseline service,REVIEW_REQUIRED,false,unique,n/a-audit,proposed,proposed-approved,child,
prop-54,Gas Hose Replacement,Gas Hose Replacement,gas-hose-replacement,gas-hose-replacement,burner-cooker,burner-cooker,KEEP,Existing approved baseline service,REVIEW_REQUIRED,false,unique,n/a-audit,proposed,proposed-approved,child,
prop-55,Gas Leakage Inspection,Gas Leakage Inspection,gas-leakage-inspection,gas-leakage-inspection,burner-cooker,burner-cooker,KEEP,Existing approved baseline service,REVIEW_REQUIRED,false,unique,n/a-audit,proposed,proposed-approved,child,
prop-56,Gas Valve Inspection,Gas Valve Inspection,gas-valve-inspection,gas-valve-inspection,burner-cooker,burner-cooker,KEEP,Existing approved baseline service,REVIEW_REQUIRED,false,unique,n/a-audit,proposed,proposed-approved,child,
prop-57,Gas Valve Replacement,Gas Valve Replacement,gas-valve-replacement,gas-valve-replacement,burner-cooker,burner-cooker,KEEP,Existing approved baseline service,REVIEW_REQUIRED,false,unique,n/a-audit,proposed,proposed-approved,child,
prop-58,Glass Hob Maintenance,Glass Hob Maintenance,glass-hob-maintenance,glass-hob-maintenance,burner-cooker,burner-cooker,KEEP,Existing approved baseline service,YELLOW,true,unique,n/a-audit,proposed,proposed-approved,child,
prop-59,Hob Cleaning,Hob Cleaning,hob-cleaning,hob-cleaning,burner-cooker,burner-cooker,KEEP,Existing approved baseline service,YELLOW,true,unique,n/a-audit,proposed,proposed-approved,child,
prop-60,Induction Cooker Inspection,Induction Cooker Inspection,induction-cooker-inspection,induction-cooker-inspection,burner-cooker,burner-cooker,KEEP,Existing approved baseline service,YELLOW,true,unique,n/a-audit,proposed,proposed-approved,child,
prop-61,Uneven Flame Diagnosis,Uneven Flame Diagnosis,uneven-flame-diagnosis,uneven-flame-diagnosis,burner-cooker,burner-cooker,KEEP,Existing approved baseline service,YELLOW,true,unique,n/a-audit,proposed,proposed-approved,child,
prop-62,Apartment Cleaning,Apartment Cleaning,apartment-cleaning,apartment-cleaning,cleaning,cleaning,KEEP,Existing approved baseline service,YELLOW,true,unique,n/a-audit,proposed,proposed-approved,child,
prop-63,,Balcony Cleaning,,balcony-cleaning,cleaning,cleaning,ADD,Distinct outdoor living-area cleaning,GREEN,true,unique,n/a-audit,proposed,proposed-approved,child,
prop-64,Bathroom Cleaning,Bathroom Cleaning,bathroom-cleaning,bathroom-cleaning,cleaning,cleaning,KEEP,Existing approved baseline service,YELLOW,true,unique,n/a-audit,proposed,proposed-approved,child,
prop-65,Building Common Area Cleaning,Building Common Area Cleaning,building-common-area-cleaning,building-common-area-cleaning,cleaning,cleaning,KEEP,Existing approved baseline service,YELLOW,true,unique,n/a-audit,proposed,proposed-approved,child,
prop-66,Carpet Cleaning,Carpet Cleaning,carpet-cleaning,carpet-cleaning,cleaning,cleaning,KEEP,Existing approved baseline service,YELLOW,true,unique,n/a-audit,proposed,proposed-approved,child,
prop-67,Commercial Cleaning,Commercial Cleaning,commercial-cleaning,commercial-cleaning,cleaning,cleaning,KEEP,Existing approved baseline service,YELLOW,true,unique,n/a-audit,proposed,proposed-approved,child,
prop-68,,Curtain & Blind Cleaning,,curtain-and-blind-cleaning,cleaning,cleaning,ADD,Common UAE soft-furnishing cleaning intent,GREEN,true,unique,n/a-audit,proposed,proposed-approved,child,
prop-69,Deep Cleaning,Deep Cleaning,deep-cleaning,deep-cleaning,cleaning,cleaning,KEEP,Existing approved baseline service,YELLOW,true,unique,n/a-audit,proposed,proposed-approved,child,
prop-70,Floor Cleaning,Floor Cleaning,floor-cleaning,floor-cleaning,cleaning,cleaning,KEEP,Existing approved baseline service,YELLOW,true,unique,n/a-audit,proposed,proposed-approved,child,
prop-71,Glass Cleaning,Glass Cleaning,glass-cleaning,glass-cleaning,cleaning,cleaning,KEEP,Existing approved baseline service,YELLOW,true,unique,n/a-audit,proposed,proposed-approved,child,
prop-72,House Cleaning,House Cleaning,house-cleaning,house-cleaning,cleaning,cleaning,KEEP,Existing approved baseline service,YELLOW,true,unique,n/a-audit,proposed,proposed-approved,child,
prop-73,Kitchen Cleaning,Kitchen Cleaning,kitchen-cleaning,kitchen-cleaning,cleaning,cleaning,KEEP,Existing approved baseline service,YELLOW,true,unique,n/a-audit,proposed,proposed-approved,child,
prop-74,Mattress Cleaning,Mattress Cleaning,mattress-cleaning,mattress-cleaning,cleaning,cleaning,KEEP,Existing approved baseline service,YELLOW,true,unique,n/a-audit,proposed,proposed-approved,child,
prop-75,Move-In Cleaning,Move-In Cleaning,move-in-cleaning,move-in-cleaning,cleaning,cleaning,KEEP,Existing approved baseline service,YELLOW,true,unique,n/a-audit,proposed,proposed-approved,child,
prop-76,Move-Out Cleaning,Move-Out Cleaning,move-out-cleaning,move-out-cleaning,cleaning,cleaning,KEEP,Existing approved baseline service,YELLOW,true,unique,n/a-audit,proposed,proposed-approved,child,
prop-77,Office Cleaning,Office Cleaning,office-cleaning,office-cleaning,cleaning,cleaning,KEEP,Existing approved baseline service,YELLOW,true,unique,n/a-audit,proposed,proposed-approved,child,
prop-78,One-Time Cleaning,One-Time Cleaning,one-time-cleaning,one-time-cleaning,cleaning,cleaning,KEEP,Existing approved baseline service,YELLOW,true,unique,n/a-audit,proposed,proposed-approved,child,
prop-79,Post-Construction Cleaning,Post-Construction Cleaning,post-construction-cleaning,post-construction-cleaning,cleaning,cleaning,KEEP,Existing approved baseline service,YELLOW,true,unique,n/a-audit,proposed,proposed-approved,child,
prop-80,Post-Renovation Cleaning,Post-Renovation Cleaning,post-renovation-cleaning,post-renovation-cleaning,cleaning,cleaning,KEEP,Existing approved baseline service,YELLOW,true,unique,n/a-audit,proposed,proposed-approved,child,
prop-81,Recurring Cleaning,Recurring Cleaning,recurring-cleaning,recurring-cleaning,cleaning,cleaning,KEEP,Existing approved baseline service,YELLOW,true,unique,n/a-audit,proposed,proposed-approved,child,
prop-82,Residential Cleaning,Residential Cleaning,residential-cleaning,residential-cleaning,cleaning,cleaning,KEEP,Existing approved baseline service,YELLOW,true,unique,n/a-audit,proposed,proposed-approved,child,
prop-83,Sofa & Upholstery Cleaning,Sofa & Upholstery Cleaning,sofa-and-upholstery-cleaning,sofa-and-upholstery-cleaning,cleaning,cleaning,KEEP,Existing approved baseline service,YELLOW,true,unique,n/a-audit,proposed,proposed-approved,child,
prop-84,,Staircase Cleaning,,staircase-cleaning,cleaning,cleaning,ADD,Common-area stair cleaning,GREEN,true,unique,n/a-audit,proposed,proposed-approved,child,
prop-85,Villa Cleaning,Villa Cleaning,villa-cleaning,villa-cleaning,cleaning,cleaning,KEEP,Existing approved baseline service,YELLOW,true,unique,n/a-audit,proposed,proposed-approved,child,
prop-86,Window Cleaning,Window Cleaning,window-cleaning,window-cleaning,cleaning,cleaning,KEEP,Existing approved baseline service,YELLOW,true,unique,n/a-audit,proposed,proposed-approved,child,
prop-87,Dishwasher Control Panel Diagnosis,Dishwasher Control Panel Diagnosis,dishwasher-control-panel-diagnosis,dishwasher-control-panel-diagnosis,dishwasher,dishwasher,KEEP,Existing approved baseline service,YELLOW,true,unique,n/a-audit,proposed,proposed-approved,child,
prop-88,Dishwasher Door Lock Repair,Dishwasher Door Lock Repair,dishwasher-door-lock-repair,dishwasher-door-lock-repair,dishwasher,dishwasher,KEEP,Existing approved baseline service,YELLOW,true,unique,n/a-audit,proposed,proposed-approved,child,
prop-89,Dishwasher Door Seal Replacement,Dishwasher Door Seal Replacement,dishwasher-door-seal-replacement,dishwasher-door-seal-replacement,dishwasher,dishwasher,KEEP,Existing approved baseline service,RED,false,unique,n/a-audit,proposed,proposed-approved,child,
prop-90,Dishwasher Drainage Problem,Dishwasher Drainage Problem,dishwasher-drainage-problem,dishwasher-drainage-problem,dishwasher,dishwasher,KEEP,Existing approved baseline service,YELLOW,true,unique,n/a-audit,proposed,proposed-approved,child,
prop-91,Dishwasher Filter Cleaning,Dishwasher Filter Cleaning,dishwasher-filter-cleaning,dishwasher-filter-cleaning,dishwasher,dishwasher,KEEP,Existing approved baseline service,YELLOW,true,unique,n/a-audit,proposed,proposed-approved,child,
prop-92,Dishwasher Heating Problem,Dishwasher Heating Problem,dishwasher-heating-problem,dishwasher-heating-problem,dishwasher,dishwasher,KEEP,Existing approved baseline service,YELLOW,true,unique,n/a-audit,proposed,proposed-approved,child,
prop-93,Dishwasher Inspection,Dishwasher Inspection,dishwasher-inspection,dishwasher-inspection,dishwasher,dishwasher,KEEP,Existing approved baseline service,YELLOW,true,unique,n/a-audit,proposed,proposed-approved,child,
prop-94,,Dishwasher Installation,,dishwasher-installation,dishwasher,dishwasher,ADD,Install intent missing,RED,false,unique,n/a-audit,proposed,proposed-approved,child,
prop-95,Dishwasher Not Cleaning Properly,Dishwasher Not Cleaning Properly,dishwasher-not-cleaning-properly,dishwasher-not-cleaning-properly,dishwasher,dishwasher,KEEP,Existing approved baseline service,YELLOW,true,unique,n/a-audit,proposed,proposed-approved,child,
prop-96,Dishwasher Not Starting,Dishwasher Not Starting,dishwasher-not-starting,dishwasher-not-starting,dishwasher,dishwasher,KEEP,Existing approved baseline service,YELLOW,true,unique,n/a-audit,proposed,proposed-approved,child,
prop-97,Dishwasher Poor Drying,Dishwasher Poor Drying,dishwasher-poor-drying,dishwasher-poor-drying,dishwasher,dishwasher,KEEP,Existing approved baseline service,YELLOW,true,unique,n/a-audit,proposed,proposed-approved,child,
prop-98,Dishwasher Preventive Maintenance,Dishwasher Preventive Maintenance,dishwasher-preventive-maintenance,dishwasher-preventive-maintenance,dishwasher,dishwasher,KEEP,Existing approved baseline service,YELLOW,true,unique,n/a-audit,proposed,proposed-approved,child,
prop-99,Dishwasher Pump Inspection,Dishwasher Pump Inspection,dishwasher-pump-inspection,dishwasher-pump-inspection,dishwasher,dishwasher,KEEP,Existing approved baseline service,YELLOW,true,unique,n/a-audit,proposed,proposed-approved,child,
prop-100,Dishwasher Spray Arm Cleaning,Dishwasher Spray Arm Cleaning,dishwasher-spray-arm-cleaning,dishwasher-spray-arm-cleaning,dishwasher,dishwasher,KEEP,Existing approved baseline service,YELLOW,true,unique,n/a-audit,proposed,proposed-approved,child,
prop-101,Dishwasher Water Filling Problem,Dishwasher Water Filling Problem,dishwasher-water-filling-problem,dishwasher-water-filling-problem,dishwasher,dishwasher,KEEP,Existing approved baseline service,YELLOW,true,unique,n/a-audit,proposed,proposed-approved,child,
prop-102,Dishwasher Water Leakage,Dishwasher Water Leakage,dishwasher-water-leakage,dishwasher-water-leakage,dishwasher,dishwasher,KEEP,Existing approved baseline service,YELLOW,true,unique,n/a-audit,proposed,proposed-approved,child,
prop-103,,AC Isolator Installation,,ac-isolator-installation,electrical,electrical,ADD,AC isolator — building electrical,RED,false,unique,n/a-audit,proposed,proposed-approved,child,connections
prop-104,,Backup Generator Changeover Inspection,,backup-generator-changeover-inspection,electrical,electrical,ADD,Generator ATS/changeover; specialized,REVIEW_REQUIRED,false,unique,n/a-audit,proposed,proposed-approved,child,other
prop-105,,Breaker Tripping Diagnosis,,breaker-tripping-diagnosis,electrical,electrical,ADD,Distinct from short-circuit diagnosis,YELLOW,true,unique,n/a-audit,proposed,proposed-approved,child,diagnosis
prop-106,,Building Electrical Preventive Maintenance,,building-electrical-preventive-maintenance,electrical,electrical,ADD,Scheduled building electrical PM,YELLOW,true,unique,n/a-audit,proposed,proposed-approved,child,preventive
prop-107,,Burning Smell Electrical Investigation,,burning-smell-electrical-investigation,electrical,electrical,ADD,High-risk investigation; no DIY procedure,RED,false,unique,n/a-audit,proposed,proposed-approved,child,emergency
prop-108,,Cable Replacement,,cable-replacement,electrical,electrical,ADD,Cable run replacement,RED,false,unique,n/a-audit,proposed,proposed-approved,child,wiring
prop-109,,Cable Tray Installation,,cable-tray-installation,electrical,electrical,ADD,Commercial containment,RED,false,unique,n/a-audit,proposed,proposed-approved,child,commercial
prop-110,,Ceiling Fan Installation,,ceiling-fan-installation,electrical,electrical,ADD,Ceiling fan mount/electrical,RED,false,unique,n/a-audit,proposed,proposed-approved,child,fans
prop-111,,Ceiling Fan Repair,,ceiling-fan-repair,electrical,electrical,ADD,Fan repair intent,YELLOW,true,unique,n/a-audit,proposed,proposed-approved,child,fans
prop-112,,Ceiling Fan Replacement,,ceiling-fan-replacement,electrical,electrical,ADD,Full fan swap,RED,false,unique,n/a-audit,proposed,proposed-approved,child,fans
prop-113,,Ceiling Light Installation,,ceiling-light-installation,electrical,electrical,ADD,Fixture-specific install,RED,false,unique,n/a-audit,proposed,proposed-approved,child,lighting
prop-114,,Chandelier Installation,,chandelier-installation,electrical,electrical,ADD,Heavy fixture / structural fixings,RED,false,unique,n/a-audit,proposed,proposed-approved,child,lighting
prop-115,Circuit Breaker Inspection,Circuit Breaker Inspection,circuit-breaker-inspection,circuit-breaker-inspection,electrical,electrical,KEEP,Existing approved baseline service,YELLOW,true,unique,n/a-audit,proposed,proposed-approved,child,
prop-116,Circuit Breaker Replacement,Circuit Breaker Replacement,circuit-breaker-replacement,circuit-breaker-replacement,electrical,electrical,KEEP,Existing approved baseline service,RED,false,unique,n/a-audit,proposed,proposed-approved,child,
prop-117,,Commercial Electrical Maintenance,,commercial-electrical-maintenance,electrical,electrical,ADD,Commercial property electrical,YELLOW,true,unique,n/a-audit,proposed,proposed-approved,child,commercial
prop-118,,Common Area Electrical Maintenance,,common-area-electrical-maintenance,electrical,electrical,ADD,Shared-area electrical maintenance,YELLOW,true,unique,n/a-audit,proposed,proposed-approved,child,building
prop-119,,Concealed Wiring Installation,,concealed-wiring-installation,electrical,electrical,ADD,In-wall works; higher risk/regulatory,REVIEW_REQUIRED,false,unique,n/a-audit,proposed,proposed-approved,child,wiring
prop-120,,Contactor Replacement,,contactor-replacement,electrical,electrical,ADD,Control gear replacement,RED,false,unique,n/a-audit,proposed,proposed-approved,child,controls
prop-121,,Cooker Electrical Connection,,cooker-electrical-connection,electrical,electrical,ADD,Cooker circuit connection; safety review,REVIEW_REQUIRED,false,unique,n/a-audit,proposed,proposed-approved,child,connections
prop-122,,DB Labeling and Circuit Mapping,,db-labeling-and-circuit-mapping,electrical,electrical,ADD,Documentation / identification service,YELLOW,true,unique,n/a-audit,proposed,proposed-approved,child,distribution
prop-123,,Dedicated Circuit Installation,,dedicated-circuit-installation,electrical,electrical,ADD,New circuit from DB,RED,false,unique,n/a-audit,proposed,proposed-approved,child,wiring
prop-124,,Dimmer Switch Installation,,dimmer-switch-installation,electrical,electrical,ADD,Distinct switch type install,RED,false,unique,n/a-audit,proposed,proposed-approved,child,sockets-switches
prop-125,,Dimmer Switch Repair,,dimmer-switch-repair,electrical,electrical,ADD,Dimmer-specific fault,YELLOW,true,unique,n/a-audit,proposed,proposed-approved,child,sockets-switches
prop-126,Distribution Board Inspection,Distribution Board Inspection,distribution-board-inspection,distribution-board-inspection,electrical,electrical,KEEP,Existing approved baseline service,REVIEW_REQUIRED,false,unique,n/a-audit,proposed,proposed-approved,child,
prop-127,,Distribution Board Installation,,distribution-board-installation,electrical,electrical,ADD,Major DB work; authorized contractors,REVIEW_REQUIRED,false,unique,n/a-audit,proposed,proposed-approved,child,distribution
prop-128,,Distribution Board Repair,,distribution-board-repair,electrical,electrical,ADD,DB corrective work,RED,false,unique,n/a-audit,proposed,proposed-approved,child,distribution
prop-129,,Distribution Board Upgrade,,distribution-board-upgrade,electrical,electrical,ADD,Capacity/upgrade scope,REVIEW_REQUIRED,false,unique,n/a-audit,proposed,proposed-approved,child,distribution
prop-130,,Doorbell Installation,,doorbell-installation,electrical,electrical,ADD,Low-voltage/doorbell install,YELLOW,true,unique,n/a-audit,proposed,proposed-approved,child,other
prop-131,,Doorbell Repair,,doorbell-repair,electrical,electrical,ADD,Often low-risk observation/simple repair path,GREEN,true,unique,n/a-audit,proposed,proposed-approved,child,other
prop-132,,Downlight Installation,,downlight-installation,electrical,electrical,ADD,Recessed lighting scope,RED,false,unique,n/a-audit,proposed,proposed-approved,child,lighting
prop-133,,Downlight Replacement,,downlight-replacement,electrical,electrical,ADD,Like-for-like recessed swap when safe,YELLOW,true,unique,n/a-audit,proposed,proposed-approved,child,lighting
prop-134,,Earthing Inspection,,earthing-inspection,electrical,electrical,ADD,Earthing health check,YELLOW,true,unique,n/a-audit,proposed,proposed-approved,child,earthing
prop-135,,Earthing Repair,,earthing-repair,electrical,electrical,ADD,Protective earth work requires qualified work,RED,false,unique,n/a-audit,proposed,proposed-approved,child,earthing
prop-136,,Electric Gate Motor Electrical Diagnosis,,electric-gate-motor-electrical-diagnosis,electrical,electrical,ADD,Gate automation electrical; specialized,REVIEW_REQUIRED,false,unique,n/a-audit,proposed,proposed-approved,child,other
prop-137,,Electrical Appliance Point Installation,,electrical-appliance-point-installation,electrical,electrical,ADD,New appliance supply point,RED,false,unique,n/a-audit,proposed,proposed-approved,child,connections
prop-138,,Electrical Control Panel Inspection,,electrical-control-panel-inspection,electrical,electrical,ADD,Panel inspection,YELLOW,true,unique,n/a-audit,proposed,proposed-approved,child,controls
prop-139,,Electrical Control Panel Repair,,electrical-control-panel-repair,electrical,electrical,ADD,Panel repair may be specialized,REVIEW_REQUIRED,false,unique,n/a-audit,proposed,proposed-approved,child,controls
prop-140,Electrical Fault Finding,Electrical Fault Diagnosis,electrical-fault-finding,electrical-fault-diagnosis,electrical,electrical,RENAME,Aligns terminology with other diagnosis offerings; clearer customer language. Pre-launch OK to change.,YELLOW,true,unique,n/a-audit,proposed,proposed-approved,child,
prop-141,Electrical Inspection,Electrical Inspection,electrical-inspection,electrical-inspection,electrical,electrical,KEEP,Existing approved baseline service,YELLOW,true,unique,n/a-audit,proposed,proposed-approved,child,
prop-142,,Electrical Load Inspection,,electrical-load-inspection,electrical,electrical,ADD,Load assessment intent distinct from fault finding,YELLOW,true,unique,n/a-audit,proposed,proposed-approved,child,inspection
prop-143,,Electrical Overheating Investigation,,electrical-overheating-investigation,electrical,electrical,ADD,Thermal hazard investigation,RED,false,unique,n/a-audit,proposed,proposed-approved,child,emergency
prop-144,,Electrical Safety Inspection,,electrical-safety-inspection,electrical,electrical,ADD,Distinct safety-focused inspection vs general inspection,YELLOW,true,unique,n/a-audit,proposed,proposed-approved,child,inspection
prop-145,,Emergency Electrical Fault Repair,,emergency-electrical-fault-repair,electrical,electrical,ADD,Emergency response offering,RED,false,unique,n/a-audit,proposed,proposed-approved,child,emergency
prop-146,,Emergency Light Inspection,,emergency-light-inspection,electrical,electrical,ADD,Life-safety lighting check,YELLOW,true,unique,n/a-audit,proposed,proposed-approved,child,lighting
prop-147,,Emergency Light Repair,,emergency-light-repair,electrical,electrical,ADD,Emergency lighting repair,RED,false,unique,n/a-audit,proposed,proposed-approved,child,lighting
prop-148,,Equipotential Bonding Inspection,,equipotential-bonding-inspection,electrical,electrical,ADD,Specialized bonding; regulated context possible,REVIEW_REQUIRED,false,unique,n/a-audit,proposed,proposed-approved,child,earthing
prop-149,,Exhaust Fan Installation,,exhaust-fan-installation,electrical,electrical,ADD,Exhaust fan install,RED,false,unique,n/a-audit,proposed,proposed-approved,child,fans
prop-150,,Exhaust Fan Repair,,exhaust-fan-repair,electrical,electrical,ADD,Exhaust fan repair,YELLOW,true,unique,n/a-audit,proposed,proposed-approved,child,fans
prop-151,,Exhaust Fan Replacement,,exhaust-fan-replacement,electrical,electrical,ADD,Exhaust fan swap,RED,false,unique,n/a-audit,proposed,proposed-approved,child,fans
prop-152,,Garden Electrical Fault Diagnosis,,garden-electrical-fault-diagnosis,electrical,electrical,ADD,Outdoor circuit faults,YELLOW,true,unique,n/a-audit,proposed,proposed-approved,child,outdoor
prop-153,,Garden Light Installation,,garden-light-installation,electrical,electrical,ADD,Landscape lighting install,RED,false,unique,n/a-audit,proposed,proposed-approved,child,outdoor
prop-154,,Ground Fault Diagnosis,,ground-fault-diagnosis,electrical,electrical,ADD,Earth leakage / GF intent,YELLOW,true,unique,n/a-audit,proposed,proposed-approved,child,diagnosis
prop-155,,Intercom Power Supply Repair,,intercom-power-supply-repair,electrical,electrical,ADD,Intercom PSU electrical,YELLOW,true,unique,n/a-audit,proposed,proposed-approved,child,other
prop-156,,Isolator Switch Installation,,isolator-switch-installation,electrical,electrical,ADD,Appliance isolator point,RED,false,unique,n/a-audit,proposed,proposed-approved,child,sockets-switches
prop-157,,Isolator Switch Replacement,,isolator-switch-replacement,electrical,electrical,ADD,Isolator replacement,RED,false,unique,n/a-audit,proposed,proposed-approved,child,sockets-switches
prop-158,,Junction Box Repair,,junction-box-repair,electrical,electrical,ADD,Joint/enclosure repair,RED,false,unique,n/a-audit,proposed,proposed-approved,child,wiring
prop-159,LED Light Installation,LED Light Installation,led-light-installation,led-light-installation,electrical,electrical,KEEP,Existing approved baseline service,RED,false,unique,n/a-audit,proposed,proposed-approved,child,
prop-160,LED Light Replacement,LED Light Replacement,led-light-replacement,led-light-replacement,electrical,electrical,KEEP,Existing approved baseline service,RED,false,unique,n/a-audit,proposed,proposed-approved,child,
prop-161,Light Installation,Light Installation,light-installation,light-installation,electrical,electrical,KEEP,Existing approved baseline service,RED,false,unique,n/a-audit,proposed,proposed-approved,child,
prop-162,Light Repair,Light Repair,light-repair,light-repair,electrical,electrical,KEEP,Existing approved baseline service,YELLOW,true,unique,n/a-audit,proposed,proposed-approved,child,
prop-163,,Light Timer Installation,,light-timer-installation,electrical,electrical,ADD,Timer control install,RED,false,unique,n/a-audit,proposed,proposed-approved,child,smart-sensor
prop-164,,Lobby Lighting Maintenance,,lobby-lighting-maintenance,electrical,electrical,ADD,Lobby lighting maintenance,YELLOW,true,unique,n/a-audit,proposed,proposed-approved,child,building
prop-165,,MCB Installation,,mcb-installation,electrical,electrical,ADD,MCB install distinct from inspection,RED,false,unique,n/a-audit,proposed,proposed-approved,child,protection
prop-166,,MCB Replacement,,mcb-replacement,electrical,electrical,ADD,MCB like-for-like/upsize,RED,false,unique,n/a-audit,proposed,proposed-approved,child,protection
prop-167,,MCCB Inspection,,mccb-inspection,electrical,electrical,ADD,MCCB-focused inspection,YELLOW,true,unique,n/a-audit,proposed,proposed-approved,child,protection
prop-168,,MCCB Replacement,,mccb-replacement,electrical,electrical,ADD,Higher-capacity breaker work,REVIEW_REQUIRED,false,unique,n/a-audit,proposed,proposed-approved,child,protection
prop-169,,Motion Sensor Installation,,motion-sensor-installation,electrical,electrical,ADD,Occupancy/motion control,RED,false,unique,n/a-audit,proposed,proposed-approved,child,smart-sensor
prop-170,,Motor Starter Repair,,motor-starter-repair,electrical,electrical,ADD,Starter gear repair,RED,false,unique,n/a-audit,proposed,proposed-approved,child,motors
prop-171,,Neutral Fault Diagnosis,,neutral-fault-diagnosis,electrical,electrical,ADD,Dangerous neutral faults,RED,false,unique,n/a-audit,proposed,proposed-approved,child,diagnosis
prop-172,,Neutral Link Replacement,,neutral-link-replacement,electrical,electrical,ADD,DB neutral hardware,RED,false,unique,n/a-audit,proposed,proposed-approved,child,distribution
prop-173,,No Power Diagnosis,,no-power-diagnosis,electrical,electrical,ADD,Common booking intent phrase,YELLOW,true,unique,n/a-audit,proposed,proposed-approved,child,diagnosis
prop-174,,Office Electrical Fault Diagnosis,,office-electrical-fault-diagnosis,electrical,electrical,ADD,Office fault intent,YELLOW,true,unique,n/a-audit,proposed,proposed-approved,child,commercial
prop-175,,Outdoor Junction Box Repair,,outdoor-junction-box-repair,electrical,electrical,ADD,Weatherproof enclosure repair,RED,false,unique,n/a-audit,proposed,proposed-approved,child,outdoor
prop-176,,Outdoor Light Installation,,outdoor-light-installation,electrical,electrical,ADD,Weather-exposed lighting,RED,false,unique,n/a-audit,proposed,proposed-approved,child,outdoor
prop-177,,Outdoor Light Repair,,outdoor-light-repair,electrical,electrical,ADD,Outdoor fixture repair,YELLOW,true,unique,n/a-audit,proposed,proposed-approved,child,outdoor
prop-178,,Overload Relay Replacement,,overload-relay-replacement,electrical,electrical,ADD,Motor protection relay,RED,false,unique,n/a-audit,proposed,proposed-approved,child,controls
prop-179,,Parking Area Electrical Maintenance,,parking-area-electrical-maintenance,electrical,electrical,ADD,Parking electrical maintenance,YELLOW,true,unique,n/a-audit,proposed,proposed-approved,child,building
prop-180,,Partial Power Failure Diagnosis,,partial-power-failure-diagnosis,electrical,electrical,ADD,Circuit-level outage vs total failure,YELLOW,true,unique,n/a-audit,proposed,proposed-approved,child,diagnosis
prop-181,,Phase Failure Diagnosis,,phase-failure-diagnosis,electrical,electrical,ADD,Missing-phase / imbalance symptoms,YELLOW,true,unique,n/a-audit,proposed,proposed-approved,child,commercial
prop-182,,Pool Area Electrical Inspection,,pool-area-electrical-inspection,electrical,electrical,ADD,Wet-area electrical; heightened safety,REVIEW_REQUIRED,false,unique,n/a-audit,proposed,proposed-approved,child,outdoor
prop-183,,Power Failure Diagnosis,,power-failure-diagnosis,electrical,electrical,ADD,Whole/partial outage triage,YELLOW,true,unique,n/a-audit,proposed,proposed-approved,child,diagnosis
prop-184,,Preventive Electrical Maintenance,,preventive-electrical-maintenance,electrical,electrical,ADD,General preventive electrical,YELLOW,true,unique,n/a-audit,proposed,proposed-approved,child,preventive
prop-185,,RCBO Installation,,rcbo-installation,electrical,electrical,ADD,Combined RCD/MCB device,RED,false,unique,n/a-audit,proposed,proposed-approved,child,protection
prop-186,,RCBO Replacement,,rcbo-replacement,electrical,electrical,ADD,RCBO replacement,RED,false,unique,n/a-audit,proposed,proposed-approved,child,protection
prop-187,,RCCB Installation,,rccb-installation,electrical,electrical,ADD,Residual current device install,RED,false,unique,n/a-audit,proposed,proposed-approved,child,protection
prop-188,,RCCB Replacement,,rccb-replacement,electrical,electrical,ADD,RCCB replacement,RED,false,unique,n/a-audit,proposed,proposed-approved,child,protection
prop-189,,Scheduled Electrical Inspection,,scheduled-electrical-inspection,electrical,electrical,ADD,Recurring inspection contracts,YELLOW,true,unique,n/a-audit,proposed,proposed-approved,child,preventive
prop-190,,Sensor Light Installation,,sensor-light-installation,electrical,electrical,ADD,Sensor lighting install,RED,false,unique,n/a-audit,proposed,proposed-approved,child,smart-sensor
prop-191,,Shop Electrical Inspection,,shop-electrical-inspection,electrical,electrical,ADD,Retail unit inspection,YELLOW,true,unique,n/a-audit,proposed,proposed-approved,child,commercial
prop-192,Short-Circuit Diagnosis,Short-Circuit Diagnosis,short-circuit-diagnosis,short-circuit-diagnosis,electrical,electrical,KEEP,Existing approved baseline service,YELLOW,true,unique,n/a-audit,proposed,proposed-approved,child,
prop-193,,Site Electrical Safety Check,,site-electrical-safety-check,electrical,electrical,ADD,Pre-handover / site safety check,YELLOW,true,unique,n/a-audit,proposed,proposed-approved,child,inspection
prop-194,,Smart Lighting Setup,,smart-lighting-setup,electrical,electrical,ADD,Commissioning/setup of smart lights,YELLOW,true,unique,n/a-audit,proposed,proposed-approved,child,smart-sensor
prop-195,,Smart Switch Installation,,smart-switch-installation,electrical,electrical,ADD,Smart switch install,RED,false,unique,n/a-audit,proposed,proposed-approved,child,smart-sensor
prop-196,,Smart Switch Replacement,,smart-switch-replacement,electrical,electrical,ADD,Smart switch swap,RED,false,unique,n/a-audit,proposed,proposed-approved,child,smart-sensor
prop-197,,Socket Installation,,socket-installation,electrical,electrical,ADD,New point install ≠ replacement,RED,false,unique,n/a-audit,proposed,proposed-approved,child,sockets-switches
prop-198,,Socket Relocation,,socket-relocation,electrical,electrical,ADD,Position change / circuit work,RED,false,unique,n/a-audit,proposed,proposed-approved,child,sockets-switches
prop-199,Socket Repair,Socket Repair,socket-repair,socket-repair,electrical,electrical,KEEP,Existing approved baseline service,YELLOW,true,unique,n/a-audit,proposed,proposed-approved,child,
prop-200,Socket Replacement,Socket Replacement,socket-replacement,socket-replacement,electrical,electrical,KEEP,Existing approved baseline service,RED,false,unique,n/a-audit,proposed,proposed-approved,child,
prop-201,,Sparking Outlet Investigation,,sparking-outlet-investigation,electrical,electrical,ADD,Immediate hazard investigation,RED,false,unique,n/a-audit,proposed,proposed-approved,child,emergency
prop-202,,Staircase Lighting Repair,,staircase-lighting-repair,electrical,electrical,ADD,Common-area stair lighting,YELLOW,true,unique,n/a-audit,proposed,proposed-approved,child,building
prop-203,,Surface Wiring Installation,,surface-wiring-installation,electrical,electrical,ADD,Surface conduit/wiring,RED,false,unique,n/a-audit,proposed,proposed-approved,child,wiring
prop-204,,Surge Protection Device Installation,,surge-protection-device-installation,electrical,electrical,ADD,SPD install,RED,false,unique,n/a-audit,proposed,proposed-approved,child,protection
prop-205,Switch Repair,Switch Repair,switch-repair,switch-repair,electrical,electrical,KEEP,Existing approved baseline service,YELLOW,true,unique,n/a-audit,proposed,proposed-approved,child,
prop-206,Switch Replacement,Switch Replacement,switch-replacement,switch-replacement,electrical,electrical,KEEP,Existing approved baseline service,RED,false,unique,n/a-audit,proposed,proposed-approved,child,
prop-207,,Temporary Power Setup,,temporary-power-setup,electrical,electrical,ADD,Temporary supply; controls needed,REVIEW_REQUIRED,false,unique,n/a-audit,proposed,proposed-approved,child,other
prop-208,,Three-Phase Supply Inspection,,three-phase-supply-inspection,electrical,electrical,ADD,Three-phase commercial inspection,REVIEW_REQUIRED,false,unique,n/a-audit,proposed,proposed-approved,child,commercial
prop-209,,Timer Switch Installation,,timer-switch-installation,electrical,electrical,ADD,Electromechanical/digital timer,RED,false,unique,n/a-audit,proposed,proposed-approved,child,controls
prop-210,,Timer Switch Repair,,timer-switch-repair,electrical,electrical,ADD,Timer fault repair,YELLOW,true,unique,n/a-audit,proposed,proposed-approved,child,controls
prop-211,,Track Lighting Installation,,track-lighting-installation,electrical,electrical,ADD,Track system install,RED,false,unique,n/a-audit,proposed,proposed-approved,child,lighting
prop-212,,Two-Way Switch Installation,,two-way-switch-installation,electrical,electrical,ADD,Multiway switching scope,RED,false,unique,n/a-audit,proposed,proposed-approved,child,sockets-switches
prop-213,,UPS Electrical Connection Inspection,,ups-electrical-connection-inspection,electrical,electrical,ADD,UPS integration inspection,REVIEW_REQUIRED,false,unique,n/a-audit,proposed,proposed-approved,child,other
prop-214,,Voltage Problem Diagnosis,,voltage-problem-diagnosis,electrical,electrical,ADD,Customer voltage-fluctuation intent,YELLOW,true,unique,n/a-audit,proposed,proposed-approved,child,diagnosis
prop-215,,Wall Fan Installation,,wall-fan-installation,electrical,electrical,ADD,Wall fan install,RED,false,unique,n/a-audit,proposed,proposed-approved,child,fans
prop-216,,Wall Fan Repair,,wall-fan-repair,electrical,electrical,ADD,Wall fan repair,YELLOW,true,unique,n/a-audit,proposed,proposed-approved,child,fans
prop-217,,Wall Light Installation,,wall-light-installation,electrical,electrical,ADD,Fixture-specific install,RED,false,unique,n/a-audit,proposed,proposed-approved,child,lighting
prop-218,,Water Heater Electrical Connection,,water-heater-electrical-connection,electrical,electrical,ADD,Fixed appliance connection; safety review,REVIEW_REQUIRED,false,unique,n/a-audit,proposed,proposed-approved,child,connections
prop-219,,Water Pump Motor Electrical Repair,,water-pump-motor-electrical-repair,electrical,electrical,ADD,Pump motor electrical — not appliance category,RED,false,unique,n/a-audit,proposed,proposed-approved,child,motors
prop-220,,Weatherproof Socket Installation,,weatherproof-socket-installation,electrical,electrical,ADD,Outdoor IP-rated socket work,RED,false,unique,n/a-audit,proposed,proposed-approved,child,sockets-switches
prop-221,Wiring Inspection,Wiring Inspection,wiring-inspection,wiring-inspection,electrical,electrical,KEEP,Existing approved baseline service,RED,false,unique,n/a-audit,proposed,proposed-approved,child,
prop-222,Wiring Repair,Wiring Repair,wiring-repair,wiring-repair,electrical,electrical,KEEP,Existing approved baseline service,RED,false,unique,n/a-audit,proposed,proposed-approved,child,
prop-223,Wiring Replacement,Wiring Replacement,wiring-replacement,wiring-replacement,electrical,electrical,KEEP,Existing approved baseline service,REVIEW_REQUIRED,false,unique,n/a-audit,proposed,proposed-approved,child,
prop-224,Apartment Maintenance,Apartment Maintenance,apartment-maintenance,apartment-maintenance,general-maintenance,general-maintenance,KEEP,Existing approved baseline service,YELLOW,true,unique,n/a-audit,proposed,proposed-approved,child,
prop-225,Cabinet & Hardware Repair,Cabinet & Hardware Repair,cabinet-and-hardware-repair,cabinet-and-hardware-repair,general-maintenance,general-maintenance,KEEP,Existing approved baseline service,YELLOW,true,unique,n/a-audit,proposed,proposed-approved,child,
prop-226,Commercial Building Maintenance,Commercial Building Maintenance,commercial-building-maintenance,commercial-building-maintenance,general-maintenance,general-maintenance,KEEP,Existing approved baseline service,YELLOW,true,unique,n/a-audit,proposed,proposed-approved,child,
prop-227,Common Area Maintenance,Common Area Maintenance,common-area-maintenance,common-area-maintenance,general-maintenance,general-maintenance,KEEP,Existing approved baseline service,YELLOW,true,unique,n/a-audit,proposed,proposed-approved,child,
prop-228,Corrective Building Maintenance,Corrective Building Maintenance,corrective-building-maintenance,corrective-building-maintenance,general-maintenance,general-maintenance,KEEP,Existing approved baseline service,YELLOW,true,unique,n/a-audit,proposed,proposed-approved,child,
prop-229,Door Hardware Replacement,Door Hardware Replacement,door-hardware-replacement,door-hardware-replacement,general-maintenance,general-maintenance,KEEP,Existing approved baseline service,RED,false,unique,n/a-audit,proposed,proposed-approved,child,
prop-230,Door Repair & Adjustment,Door Repair & Adjustment,door-repair-and-adjustment,door-repair-and-adjustment,general-maintenance,general-maintenance,KEEP,Existing approved baseline service,YELLOW,true,unique,n/a-audit,proposed,proposed-approved,child,
prop-231,,False Ceiling Repair,,false-ceiling-repair,general-maintenance,general-maintenance,ADD,Gypsum/false ceiling corrective work,YELLOW,true,unique,n/a-audit,proposed,proposed-approved,child,
prop-232,Fixture Replacement,Fixture Replacement,fixture-replacement,fixture-replacement,general-maintenance,general-maintenance,KEEP,Existing approved baseline service,RED,false,unique,n/a-audit,proposed,proposed-approved,child,
prop-233,,Gate Repair,,gate-repair,general-maintenance,general-maintenance,ADD,Mechanical gate repair (non-electrical),YELLOW,true,unique,n/a-audit,proposed,proposed-approved,child,
prop-234,General Handyman Service,General Handyman Service,general-handyman-service,general-handyman-service,general-maintenance,general-maintenance,KEEP,Existing approved baseline service,YELLOW,true,unique,n/a-audit,proposed,proposed-approved,child,
prop-235,,Handrail Repair,,handrail-repair,general-maintenance,general-maintenance,ADD,Stair/balcony handrail repair,YELLOW,true,unique,n/a-audit,proposed,proposed-approved,child,
prop-236,Lock Repair & Replacement,Lock Repair & Replacement,lock-repair-and-replacement,lock-repair-and-replacement,general-maintenance,general-maintenance,KEEP,Existing approved baseline service,RED,false,unique,n/a-audit,proposed,proposed-approved,child,
prop-237,Minor Building Repairs,Minor Building Repairs,minor-building-repairs,minor-building-repairs,general-maintenance,general-maintenance,KEEP,Existing approved baseline service,YELLOW,true,unique,n/a-audit,proposed,proposed-approved,child,
prop-238,Minor Civil Maintenance,Minor Civil Maintenance,minor-civil-maintenance,minor-civil-maintenance,general-maintenance,general-maintenance,KEEP,Existing approved baseline service,YELLOW,true,unique,n/a-audit,proposed,proposed-approved,child,
prop-239,Preventive Building Maintenance,Preventive Building Maintenance,preventive-building-maintenance,preventive-building-maintenance,general-maintenance,general-maintenance,KEEP,Existing approved baseline service,YELLOW,true,unique,n/a-audit,proposed,proposed-approved,child,
prop-240,Property Inspection,Property Inspection,property-inspection,property-inspection,general-maintenance,general-maintenance,KEEP,Existing approved baseline service,YELLOW,true,unique,n/a-audit,proposed,proposed-approved,child,
prop-241,Residential Building Maintenance,Residential Building Maintenance,residential-building-maintenance,residential-building-maintenance,general-maintenance,general-maintenance,KEEP,Existing approved baseline service,YELLOW,true,unique,n/a-audit,proposed,proposed-approved,child,
prop-242,,Tile Repair,,tile-repair,general-maintenance,general-maintenance,ADD,Loose/broken tile repair,YELLOW,true,unique,n/a-audit,proposed,proposed-approved,child,
prop-243,Villa Maintenance,Villa Maintenance,villa-maintenance,villa-maintenance,general-maintenance,general-maintenance,KEEP,Existing approved baseline service,YELLOW,true,unique,n/a-audit,proposed,proposed-approved,child,
prop-244,Cross-Trainer Maintenance,Cross-Trainer Maintenance,cross-trainer-maintenance,cross-trainer-maintenance,gym,gym,KEEP,Existing approved baseline service,YELLOW,true,unique,n/a-audit,proposed,proposed-approved,child,
prop-245,Exercise Bike Maintenance,Exercise Bike Maintenance,exercise-bike-maintenance,exercise-bike-maintenance,gym,gym,KEEP,Existing approved baseline service,YELLOW,true,unique,n/a-audit,proposed,proposed-approved,child,
prop-246,Fitness Equipment Inspection,Fitness Equipment Inspection,fitness-equipment-inspection,fitness-equipment-inspection,gym,gym,KEEP,Existing approved baseline service,YELLOW,true,unique,n/a-audit,proposed,proposed-approved,child,
prop-247,Gym Deep Cleaning,Gym Deep Cleaning,gym-deep-cleaning,gym-deep-cleaning,gym,gym,KEEP,Existing approved baseline service,YELLOW,true,unique,n/a-audit,proposed,proposed-approved,child,
prop-248,Gym Disinfection,Gym Disinfection,gym-disinfection,gym-disinfection,gym,gym,KEEP,Existing approved baseline service,YELLOW,true,unique,n/a-audit,proposed,proposed-approved,child,
prop-249,Gym Equipment Cleaning,Gym Equipment Cleaning,gym-equipment-cleaning,gym-equipment-cleaning,gym,gym,KEEP,Existing approved baseline service,YELLOW,true,unique,n/a-audit,proposed,proposed-approved,child,
prop-250,Gym Floor Cleaning,Gym Floor Cleaning,gym-floor-cleaning,gym-floor-cleaning,gym,gym,KEEP,Existing approved baseline service,YELLOW,true,unique,n/a-audit,proposed,proposed-approved,child,
prop-251,Gym Glass Cleaning,Gym Glass Cleaning,gym-glass-cleaning,gym-glass-cleaning,gym,gym,KEEP,Existing approved baseline service,YELLOW,true,unique,n/a-audit,proposed,proposed-approved,child,
prop-252,,Gym Mirror Cleaning,,gym-mirror-cleaning,gym,gym,ADD,Distinct from glass cleaning in gym context,GREEN,true,unique,n/a-audit,proposed,proposed-approved,child,
prop-253,Gym Regular Cleaning,Gym Regular Cleaning,gym-regular-cleaning,gym-regular-cleaning,gym,gym,KEEP,Existing approved baseline service,YELLOW,true,unique,n/a-audit,proposed,proposed-approved,child,
prop-254,Gym Sanitization,Gym Sanitization,gym-sanitization,gym-sanitization,gym,gym,KEEP,Existing approved baseline service,YELLOW,true,unique,n/a-audit,proposed,proposed-approved,child,
prop-255,Locker Cleaning,Locker Cleaning,locker-cleaning,locker-cleaning,gym,gym,KEEP,Existing approved baseline service,YELLOW,true,unique,n/a-audit,proposed,proposed-approved,child,
prop-256,Preventive Gym Maintenance,Preventive Gym Maintenance,preventive-gym-maintenance,preventive-gym-maintenance,gym,gym,KEEP,Existing approved baseline service,YELLOW,true,unique,n/a-audit,proposed,proposed-approved,child,
prop-257,Shower & Changing Room Cleaning,Shower & Changing Room Cleaning,shower-and-changing-room-cleaning,shower-and-changing-room-cleaning,gym,gym,KEEP,Existing approved baseline service,YELLOW,true,unique,n/a-audit,proposed,proposed-approved,child,
prop-258,Treadmill Maintenance,Treadmill Maintenance,treadmill-maintenance,treadmill-maintenance,gym,gym,KEEP,Existing approved baseline service,YELLOW,true,unique,n/a-audit,proposed,proposed-approved,child,
prop-259,Weight Equipment Maintenance,Weight Equipment Maintenance,weight-equipment-maintenance,weight-equipment-maintenance,gym,gym,KEEP,Existing approved baseline service,YELLOW,true,unique,n/a-audit,proposed,proposed-approved,child,
prop-260,Microwave Control Panel Problem,Microwave Control Panel Problem,microwave-control-panel-problem,microwave-control-panel-problem,microwave,microwave,KEEP,Existing approved baseline service,YELLOW,true,unique,n/a-audit,proposed,proposed-approved,child,
prop-261,Microwave Display Problem,Microwave Display Problem,microwave-display-problem,microwave-display-problem,microwave,microwave,KEEP,Existing approved baseline service,YELLOW,true,unique,n/a-audit,proposed,proposed-approved,child,
prop-262,Microwave Door Problem,Microwave Door Problem,microwave-door-problem,microwave-door-problem,microwave,microwave,KEEP,Existing approved baseline service,YELLOW,true,unique,n/a-audit,proposed,proposed-approved,child,
prop-263,Microwave Door Switch Repair,Microwave Door Switch Repair,microwave-door-switch-repair,microwave-door-switch-repair,microwave,microwave,KEEP,Existing approved baseline service,YELLOW,true,unique,n/a-audit,proposed,proposed-approved,child,
prop-264,Microwave Electrical Diagnosis,Microwave Electrical Diagnosis,microwave-electrical-diagnosis,microwave-electrical-diagnosis,microwave,microwave,KEEP,Existing approved baseline service,YELLOW,true,unique,n/a-audit,proposed,proposed-approved,child,
prop-265,Microwave Fan Problem,Microwave Fan Problem,microwave-fan-problem,microwave-fan-problem,microwave,microwave,KEEP,Existing approved baseline service,YELLOW,true,unique,n/a-audit,proposed,proposed-approved,child,
prop-266,Microwave Fuse Replacement,Microwave Fuse Replacement,microwave-fuse-replacement,microwave-fuse-replacement,microwave,microwave,KEEP,Existing approved baseline service,RED,false,unique,n/a-audit,proposed,proposed-approved,child,
prop-267,Microwave Heating Problem,Microwave Heating Problem,microwave-heating-problem,microwave-heating-problem,microwave,microwave,KEEP,Existing approved baseline service,YELLOW,true,unique,n/a-audit,proposed,proposed-approved,child,
prop-268,Microwave Inspection,Microwave Inspection,microwave-inspection,microwave-inspection,microwave,microwave,KEEP,Existing approved baseline service,YELLOW,true,unique,n/a-audit,proposed,proposed-approved,child,
prop-269,Microwave Internal Cleaning,Microwave Internal Cleaning,microwave-internal-cleaning,microwave-internal-cleaning,microwave,microwave,KEEP,Existing approved baseline service,YELLOW,true,unique,n/a-audit,proposed,proposed-approved,child,
prop-270,Microwave No-Power Diagnosis,Microwave No-Power Diagnosis,microwave-no-power-diagnosis,microwave-no-power-diagnosis,microwave,microwave,KEEP,Existing approved baseline service,YELLOW,true,unique,n/a-audit,proposed,proposed-approved,child,
prop-271,,Microwave Preventive Maintenance,,microwave-preventive-maintenance,microwave,microwave,ADD,PM offering gap,YELLOW,true,unique,n/a-audit,proposed,proposed-approved,child,
prop-272,Microwave Spark Problem,Microwave Spark Problem,microwave-spark-problem,microwave-spark-problem,microwave,microwave,KEEP,Existing approved baseline service,YELLOW,true,unique,n/a-audit,proposed,proposed-approved,child,
prop-273,Microwave Turntable Problem,Microwave Turntable Problem,microwave-turntable-problem,microwave-turntable-problem,microwave,microwave,KEEP,Existing approved baseline service,YELLOW,true,unique,n/a-audit,proposed,proposed-approved,child,
prop-274,Gas Oven Inspection,Gas Oven Inspection,gas-oven-inspection,gas-oven-inspection,oven,oven,KEEP,Existing approved baseline service,YELLOW,true,unique,n/a-audit,proposed,proposed-approved,child,
prop-275,Oven Cleaning,Oven Cleaning,oven-cleaning,oven-cleaning,oven,oven,KEEP,Existing approved baseline service,YELLOW,true,unique,n/a-audit,proposed,proposed-approved,child,
prop-276,Oven Control Panel Problem,Oven Control Panel Problem,oven-control-panel-problem,oven-control-panel-problem,oven,oven,KEEP,Existing approved baseline service,YELLOW,true,unique,n/a-audit,proposed,proposed-approved,child,
prop-277,Oven Door Repair,Oven Door Repair,oven-door-repair,oven-door-repair,oven,oven,KEEP,Existing approved baseline service,YELLOW,true,unique,n/a-audit,proposed,proposed-approved,child,
prop-278,Oven Door Seal Replacement,Oven Door Seal Replacement,oven-door-seal-replacement,oven-door-seal-replacement,oven,oven,KEEP,Existing approved baseline service,RED,false,unique,n/a-audit,proposed,proposed-approved,child,
prop-279,Oven Electrical Fault Diagnosis,Oven Electrical Fault Diagnosis,oven-electrical-fault-diagnosis,oven-electrical-fault-diagnosis,oven,oven,KEEP,Existing approved baseline service,YELLOW,true,unique,n/a-audit,proposed,proposed-approved,child,
prop-280,Oven Fan Repair,Oven Fan Repair,oven-fan-repair,oven-fan-repair,oven,oven,KEEP,Existing approved baseline service,YELLOW,true,unique,n/a-audit,proposed,proposed-approved,child,
prop-281,Oven Heating Element Replacement,Oven Heating Element Replacement,oven-heating-element-replacement,oven-heating-element-replacement,oven,oven,KEEP,Existing approved baseline service,RED,false,unique,n/a-audit,proposed,proposed-approved,child,
prop-282,Oven Inspection,Oven Inspection,oven-inspection,oven-inspection,oven,oven,KEEP,Existing approved baseline service,YELLOW,true,unique,n/a-audit,proposed,proposed-approved,child,
prop-283,,Oven Installation,,oven-installation,oven,oven,ADD,Built-in oven install; RR,REVIEW_REQUIRED,false,unique,n/a-audit,proposed,proposed-approved,child,
prop-284,Oven Not Heating,Oven Not Heating,oven-not-heating,oven-not-heating,oven,oven,KEEP,Existing approved baseline service,YELLOW,true,unique,n/a-audit,proposed,proposed-approved,child,
prop-285,Oven Preventive Maintenance,Oven Preventive Maintenance,oven-preventive-maintenance,oven-preventive-maintenance,oven,oven,KEEP,Existing approved baseline service,YELLOW,true,unique,n/a-audit,proposed,proposed-approved,child,
prop-286,Oven Temperature Problem,Oven Temperature Problem,oven-temperature-problem,oven-temperature-problem,oven,oven,KEEP,Existing approved baseline service,YELLOW,true,unique,n/a-audit,proposed,proposed-approved,child,
prop-287,Oven Thermostat Repair,Oven Thermostat Repair,oven-thermostat-repair,oven-thermostat-repair,oven,oven,KEEP,Existing approved baseline service,YELLOW,true,unique,n/a-audit,proposed,proposed-approved,child,
prop-288,Oven Timer Problem,Oven Timer Problem,oven-timer-problem,oven-timer-problem,oven,oven,KEEP,Existing approved baseline service,YELLOW,true,unique,n/a-audit,proposed,proposed-approved,child,
prop-289,Oven Uneven Heating,Oven Uneven Heating,oven-uneven-heating,oven-uneven-heating,oven,oven,KEEP,Existing approved baseline service,YELLOW,true,unique,n/a-audit,proposed,proposed-approved,child,
prop-290,,Anti-Fungal Painting,,anti-fungal-painting,painting,painting,ADD,Humidity-driven coating intent,YELLOW,true,unique,n/a-audit,proposed,proposed-approved,child,
prop-291,Apartment Painting,Apartment Painting,apartment-painting,apartment-painting,painting,painting,KEEP,Existing approved baseline service,YELLOW,true,unique,n/a-audit,proposed,proposed-approved,child,
prop-292,,Bathroom Moisture-Resistant Painting,,bathroom-moisture-resistant-painting,painting,painting,ADD,Wet-area paint system,YELLOW,true,unique,n/a-audit,proposed,proposed-approved,child,
prop-293,Ceiling Painting,Ceiling Painting,ceiling-painting,ceiling-painting,painting,painting,KEEP,Existing approved baseline service,YELLOW,true,unique,n/a-audit,proposed,proposed-approved,child,
prop-294,Commercial Painting,Commercial Painting,commercial-painting,commercial-painting,painting,painting,KEEP,Existing approved baseline service,YELLOW,true,unique,n/a-audit,proposed,proposed-approved,child,
prop-295,Decorative Painting,Decorative Painting,decorative-painting,decorative-painting,painting,painting,KEEP,Existing approved baseline service,YELLOW,true,unique,n/a-audit,proposed,proposed-approved,child,
prop-296,Door Painting,Door Painting,door-painting,door-painting,painting,painting,KEEP,Existing approved baseline service,YELLOW,true,unique,n/a-audit,proposed,proposed-approved,child,
prop-297,Exterior Painting,Exterior Painting,exterior-painting,exterior-painting,painting,painting,KEEP,Existing approved baseline service,YELLOW,true,unique,n/a-audit,proposed,proposed-approved,child,
prop-298,,Gate Painting,,gate-painting,painting,painting,ADD,Metal gate coating,YELLOW,true,unique,n/a-audit,proposed,proposed-approved,child,
prop-299,Interior Painting,Interior Painting,interior-painting,interior-painting,painting,painting,KEEP,Existing approved baseline service,YELLOW,true,unique,n/a-audit,proposed,proposed-approved,child,
prop-300,Metal Painting,Metal Painting,metal-painting,metal-painting,painting,painting,KEEP,Existing approved baseline service,YELLOW,true,unique,n/a-audit,proposed,proposed-approved,child,
prop-301,Office Painting,Office Painting,office-painting,office-painting,painting,painting,KEEP,Existing approved baseline service,YELLOW,true,unique,n/a-audit,proposed,proposed-approved,child,
prop-302,,Parking Floor Painting,,parking-floor-painting,painting,painting,ADD,Floor marking/coating,YELLOW,false,unique,n/a-audit,proposed,proposed-approved,child,
prop-303,Repainting,Repainting,repainting,repainting,painting,painting,KEEP,Existing approved baseline service,YELLOW,true,unique,n/a-audit,proposed,proposed-approved,child,
prop-304,Residential Painting,Residential Painting,residential-painting,residential-painting,painting,painting,KEEP,Existing approved baseline service,YELLOW,true,unique,n/a-audit,proposed,proposed-approved,child,
prop-305,Texture Painting,Texture Painting,texture-painting,texture-painting,painting,painting,KEEP,Existing approved baseline service,YELLOW,true,unique,n/a-audit,proposed,proposed-approved,child,
prop-306,Touch-Up Painting,Touch-Up Painting,touch-up-painting,touch-up-painting,painting,painting,KEEP,Existing approved baseline service,YELLOW,true,unique,n/a-audit,proposed,proposed-approved,child,
prop-307,Villa Painting,Villa Painting,villa-painting,villa-painting,painting,painting,KEEP,Existing approved baseline service,YELLOW,true,unique,n/a-audit,proposed,proposed-approved,child,
prop-308,Wall Painting,Wall Painting,wall-painting,wall-painting,painting,painting,KEEP,Existing approved baseline service,YELLOW,true,unique,n/a-audit,proposed,proposed-approved,child,
prop-309,Wood Painting,Wood Painting,wood-painting,wood-painting,painting,painting,KEEP,Existing approved baseline service,YELLOW,true,unique,n/a-audit,proposed,proposed-approved,child,
prop-310,,Bidet Installation,,bidet-installation,plumbing,plumbing,ADD,Common UAE bathroom fixture install,YELLOW,false,unique,n/a-audit,proposed,proposed-approved,child,
prop-311,Drain Blockage Removal,Drain Blockage Removal,drain-blockage-removal,drain-blockage-removal,plumbing,plumbing,KEEP,Existing approved baseline service,YELLOW,true,unique,n/a-audit,proposed,proposed-approved,child,
prop-312,Drain Cleaning,Drain Cleaning,drain-cleaning,drain-cleaning,plumbing,plumbing,KEEP,Existing approved baseline service,YELLOW,true,unique,n/a-audit,proposed,proposed-approved,child,
prop-313,Faucet Repair,Faucet Repair,faucet-repair,faucet-repair,plumbing,plumbing,KEEP,Existing approved baseline service,YELLOW,true,unique,n/a-audit,proposed,proposed-approved,child,
prop-314,Faucet Replacement,Faucet Replacement,faucet-replacement,faucet-replacement,plumbing,plumbing,KEEP,Existing approved baseline service,RED,false,unique,n/a-audit,proposed,proposed-approved,child,
prop-315,Floor Drain Repair,Floor Drain Repair,floor-drain-repair,floor-drain-repair,plumbing,plumbing,KEEP,Existing approved baseline service,YELLOW,true,unique,n/a-audit,proposed,proposed-approved,child,
prop-316,,Grease Trap Cleaning,,grease-trap-cleaning,plumbing,plumbing,ADD,Kitchen grease trap service,YELLOW,false,unique,n/a-audit,proposed,proposed-approved,child,
prop-317,,Hot Water Line Repair,,hot-water-line-repair,plumbing,plumbing,ADD,Hot line repair distinct from general pipe repair,RED,false,unique,n/a-audit,proposed,proposed-approved,child,
prop-318,,Mixer Tap Replacement,,mixer-tap-replacement,plumbing,plumbing,ADD,Distinct from faucet repair/replacement wording used for mixers,YELLOW,true,unique,n/a-audit,proposed,proposed-approved,child,
prop-319,Pipe Repair,Pipe Repair,pipe-repair,pipe-repair,plumbing,plumbing,KEEP,Existing approved baseline service,YELLOW,true,unique,n/a-audit,proposed,proposed-approved,child,
prop-320,Pipe Replacement,Pipe Replacement,pipe-replacement,pipe-replacement,plumbing,plumbing,KEEP,Existing approved baseline service,RED,false,unique,n/a-audit,proposed,proposed-approved,child,
prop-321,Plumbing Inspection,Plumbing Inspection,plumbing-inspection,plumbing-inspection,plumbing,plumbing,KEEP,Existing approved baseline service,YELLOW,true,unique,n/a-audit,proposed,proposed-approved,child,
prop-322,Running Toilet Repair,Running Toilet Repair,running-toilet-repair,running-toilet-repair,plumbing,plumbing,KEEP,Existing approved baseline service,YELLOW,true,unique,n/a-audit,proposed,proposed-approved,child,
prop-323,Shower Mixer Replacement,Shower Mixer Replacement,shower-mixer-replacement,shower-mixer-replacement,plumbing,plumbing,KEEP,Existing approved baseline service,RED,false,unique,n/a-audit,proposed,proposed-approved,child,
prop-324,Shower Repair,Shower Repair,shower-repair,shower-repair,plumbing,plumbing,KEEP,Existing approved baseline service,YELLOW,true,unique,n/a-audit,proposed,proposed-approved,child,
prop-325,Sink Installation,Sink Installation,sink-installation,sink-installation,plumbing,plumbing,KEEP,Existing approved baseline service,RED,false,unique,n/a-audit,proposed,proposed-approved,child,
prop-326,Sink Repair,Sink Repair,sink-repair,sink-repair,plumbing,plumbing,KEEP,Existing approved baseline service,YELLOW,true,unique,n/a-audit,proposed,proposed-approved,child,
prop-327,,Sump Pump Inspection,,sump-pump-inspection,plumbing,plumbing,ADD,Drainage sump inspection,YELLOW,true,unique,n/a-audit,proposed,proposed-approved,child,
prop-328,Toilet Installation,Toilet Installation,toilet-installation,toilet-installation,plumbing,plumbing,KEEP,Existing approved baseline service,RED,false,unique,n/a-audit,proposed,proposed-approved,child,
prop-329,Toilet Repair,Toilet Repair,toilet-repair,toilet-repair,plumbing,plumbing,KEEP,Existing approved baseline service,YELLOW,true,unique,n/a-audit,proposed,proposed-approved,child,
prop-330,Water Leakage Detection,Water Leakage Detection,water-leakage-detection,water-leakage-detection,plumbing,plumbing,KEEP,Existing approved baseline service,YELLOW,true,unique,n/a-audit,proposed,proposed-approved,child,
prop-331,Water Leakage Repair,Water Leakage Repair,water-leakage-repair,water-leakage-repair,plumbing,plumbing,KEEP,Existing approved baseline service,YELLOW,true,unique,n/a-audit,proposed,proposed-approved,child,
prop-332,Water Pressure Problem Diagnosis,Water Pressure Problem Diagnosis,water-pressure-problem-diagnosis,water-pressure-problem-diagnosis,plumbing,plumbing,KEEP,Existing approved baseline service,YELLOW,true,unique,n/a-audit,proposed,proposed-approved,child,
prop-333,Water Supply Line Repair,Water Supply Line Repair,water-supply-line-repair,water-supply-line-repair,plumbing,plumbing,KEEP,Existing approved baseline service,YELLOW,true,unique,n/a-audit,proposed,proposed-approved,child,
prop-334,Refrigerator Cleaning,Refrigerator Cleaning,refrigerator-cleaning,refrigerator-cleaning,refrigerator,refrigerator,KEEP,Existing approved baseline service,YELLOW,true,unique,n/a-audit,proposed,proposed-approved,child,
prop-335,Refrigerator Compressor Inspection,Refrigerator Compressor Inspection,refrigerator-compressor-inspection,refrigerator-compressor-inspection,refrigerator,refrigerator,KEEP,Existing approved baseline service,RED,false,unique,n/a-audit,proposed,proposed-approved,child,
prop-336,Refrigerator Compressor Replacement,Refrigerator Compressor Replacement,refrigerator-compressor-replacement,refrigerator-compressor-replacement,refrigerator,refrigerator,KEEP,Existing approved baseline service,REVIEW_REQUIRED,false,unique,n/a-audit,proposed,proposed-approved,child,
prop-337,Refrigerator Cooling Problem,Refrigerator Cooling Problem,refrigerator-cooling-problem,refrigerator-cooling-problem,refrigerator,refrigerator,KEEP,Existing approved baseline service,YELLOW,true,unique,n/a-audit,proposed,proposed-approved,child,
prop-338,Refrigerator Door Hinge Repair,Refrigerator Door Hinge Repair,refrigerator-door-hinge-repair,refrigerator-door-hinge-repair,refrigerator,refrigerator,KEEP,Existing approved baseline service,YELLOW,true,unique,n/a-audit,proposed,proposed-approved,child,
prop-339,Refrigerator Door Seal Replacement,Refrigerator Door Seal Replacement,refrigerator-door-seal-replacement,refrigerator-door-seal-replacement,refrigerator,refrigerator,KEEP,Existing approved baseline service,RED,false,unique,n/a-audit,proposed,proposed-approved,child,
prop-340,Refrigerator Drain Blockage Repair,Refrigerator Drain Blockage Repair,refrigerator-drain-blockage-repair,refrigerator-drain-blockage-repair,refrigerator,refrigerator,KEEP,Existing approved baseline service,YELLOW,true,unique,n/a-audit,proposed,proposed-approved,child,
prop-341,Refrigerator Electrical Fault Diagnosis,Refrigerator Electrical Fault Diagnosis,refrigerator-electrical-fault-diagnosis,refrigerator-electrical-fault-diagnosis,refrigerator,refrigerator,KEEP,Existing approved baseline service,YELLOW,true,unique,n/a-audit,proposed,proposed-approved,child,
prop-342,Refrigerator Fan Motor Repair,Refrigerator Fan Motor Repair,refrigerator-fan-motor-repair,refrigerator-fan-motor-repair,refrigerator,refrigerator,KEEP,Existing approved baseline service,YELLOW,true,unique,n/a-audit,proposed,proposed-approved,child,
prop-343,Refrigerator Freezing Problem,Refrigerator Freezing Problem,refrigerator-freezing-problem,refrigerator-freezing-problem,refrigerator,refrigerator,KEEP,Existing approved baseline service,YELLOW,true,unique,n/a-audit,proposed,proposed-approved,child,
prop-344,Refrigerator Ice Formation Problem,Refrigerator Ice Formation Problem,refrigerator-ice-formation-problem,refrigerator-ice-formation-problem,refrigerator,refrigerator,KEEP,Existing approved baseline service,YELLOW,true,unique,n/a-audit,proposed,proposed-approved,child,
prop-345,Refrigerator Inspection,Refrigerator Inspection,refrigerator-inspection,refrigerator-inspection,refrigerator,refrigerator,KEEP,Existing approved baseline service,YELLOW,true,unique,n/a-audit,proposed,proposed-approved,child,
prop-346,,Refrigerator Preventive Maintenance,,refrigerator-preventive-maintenance,refrigerator,refrigerator,ADD,PM offering gap,YELLOW,true,unique,n/a-audit,proposed,proposed-approved,child,
prop-347,Refrigerator Temperature Control Repair,Refrigerator Temperature Control Repair,refrigerator-temperature-control-repair,refrigerator-temperature-control-repair,refrigerator,refrigerator,KEEP,Existing approved baseline service,YELLOW,true,unique,n/a-audit,proposed,proposed-approved,child,
prop-348,Refrigerator Thermostat Inspection,Refrigerator Thermostat Inspection,refrigerator-thermostat-inspection,refrigerator-thermostat-inspection,refrigerator,refrigerator,KEEP,Existing approved baseline service,YELLOW,true,unique,n/a-audit,proposed,proposed-approved,child,
prop-349,Refrigerator Water Leakage,Refrigerator Water Leakage,refrigerator-water-leakage,refrigerator-water-leakage,refrigerator,refrigerator,KEEP,Existing approved baseline service,YELLOW,true,unique,n/a-audit,proposed,proposed-approved,child,
prop-350,Sauna Bench Cleaning,Sauna Bench Cleaning,sauna-bench-cleaning,sauna-bench-cleaning,sauna,sauna,KEEP,Existing approved baseline service,YELLOW,true,unique,n/a-audit,proposed,proposed-approved,child,
prop-351,Sauna Deep Cleaning,Sauna Deep Cleaning,sauna-deep-cleaning,sauna-deep-cleaning,sauna,sauna,KEEP,Existing approved baseline service,YELLOW,true,unique,n/a-audit,proposed,proposed-approved,child,
prop-352,Sauna Disinfection,Sauna Disinfection,sauna-disinfection,sauna-disinfection,sauna,sauna,KEEP,Existing approved baseline service,YELLOW,true,unique,n/a-audit,proposed,proposed-approved,child,
prop-353,Sauna Door Maintenance,Sauna Door Maintenance,sauna-door-maintenance,sauna-door-maintenance,sauna,sauna,KEEP,Existing approved baseline service,YELLOW,true,unique,n/a-audit,proposed,proposed-approved,child,
prop-354,Sauna Equipment Inspection,Sauna Equipment Inspection,sauna-equipment-inspection,sauna-equipment-inspection,sauna,sauna,KEEP,Existing approved baseline service,YELLOW,true,unique,n/a-audit,proposed,proposed-approved,child,
prop-355,Sauna Floor Cleaning,Sauna Floor Cleaning,sauna-floor-cleaning,sauna-floor-cleaning,sauna,sauna,KEEP,Existing approved baseline service,YELLOW,true,unique,n/a-audit,proposed,proposed-approved,child,
prop-356,Sauna Glass Cleaning,Sauna Glass Cleaning,sauna-glass-cleaning,sauna-glass-cleaning,sauna,sauna,KEEP,Existing approved baseline service,YELLOW,true,unique,n/a-audit,proposed,proposed-approved,child,
prop-357,Sauna Heater Inspection,Sauna Heater Inspection,sauna-heater-inspection,sauna-heater-inspection,sauna,sauna,KEEP,Existing approved baseline service,YELLOW,true,unique,n/a-audit,proposed,proposed-approved,child,
prop-358,Sauna Heater Maintenance,Sauna Heater Maintenance,sauna-heater-maintenance,sauna-heater-maintenance,sauna,sauna,KEEP,Existing approved baseline service,RED,false,unique,n/a-audit,proposed,proposed-approved,child,
prop-359,Sauna Inspection,Sauna Inspection,sauna-inspection,sauna-inspection,sauna,sauna,KEEP,Existing approved baseline service,YELLOW,true,unique,n/a-audit,proposed,proposed-approved,child,
prop-360,,Sauna Preventive Maintenance,,sauna-preventive-maintenance,sauna,sauna,ADD,Scheduled sauna PM offering,YELLOW,true,unique,n/a-audit,proposed,proposed-approved,child,
prop-361,Sauna Regular Cleaning,Sauna Regular Cleaning,sauna-regular-cleaning,sauna-regular-cleaning,sauna,sauna,KEEP,Existing approved baseline service,YELLOW,true,unique,n/a-audit,proposed,proposed-approved,child,
prop-362,Sauna Ventilation Inspection,Sauna Ventilation Inspection,sauna-ventilation-inspection,sauna-ventilation-inspection,sauna,sauna,KEEP,Existing approved baseline service,YELLOW,true,unique,n/a-audit,proposed,proposed-approved,child,
prop-363,Sauna Wall Cleaning,Sauna Wall Cleaning,sauna-wall-cleaning,sauna-wall-cleaning,sauna,sauna,KEEP,Existing approved baseline service,YELLOW,true,unique,n/a-audit,proposed,proposed-approved,child,
prop-364,Sauna Wood Treatment,Sauna Wood Treatment,sauna-wood-treatment,sauna-wood-treatment,sauna,sauna,KEEP,Existing approved baseline service,YELLOW,true,unique,n/a-audit,proposed,proposed-approved,child,
prop-365,,Commercial Pool Maintenance,,commercial-pool-maintenance,swimming-pool,swimming-pool,ADD,Commercial vs residential pool,YELLOW,false,unique,n/a-audit,proposed,proposed-approved,child,
prop-366,Pool Chemical Balancing,Pool Chemical Balancing,pool-chemical-balancing,pool-chemical-balancing,swimming-pool,swimming-pool,KEEP,Existing approved baseline service,YELLOW,true,unique,n/a-audit,proposed,proposed-approved,child,
prop-367,,Pool Cover Repair,,pool-cover-repair,swimming-pool,swimming-pool,ADD,Cover hardware/material repair,YELLOW,true,unique,n/a-audit,proposed,proposed-approved,child,
prop-368,Pool Drain Cleaning,Pool Drain Cleaning,pool-drain-cleaning,pool-drain-cleaning,swimming-pool,swimming-pool,KEEP,Existing approved baseline service,YELLOW,true,unique,n/a-audit,proposed,proposed-approved,child,
prop-369,Pool Equipment Inspection,Pool Equipment Inspection,pool-equipment-inspection,pool-equipment-inspection,swimming-pool,swimming-pool,KEEP,Existing approved baseline service,YELLOW,true,unique,n/a-audit,proposed,proposed-approved,child,
prop-370,Pool Filter Cleaning,Pool Filter Cleaning,pool-filter-cleaning,pool-filter-cleaning,swimming-pool,swimming-pool,KEEP,Existing approved baseline service,YELLOW,true,unique,n/a-audit,proposed,proposed-approved,child,
prop-371,Pool Filter Maintenance,Pool Filter Maintenance,pool-filter-maintenance,pool-filter-maintenance,swimming-pool,swimming-pool,KEEP,Existing approved baseline service,YELLOW,true,unique,n/a-audit,proposed,proposed-approved,child,
prop-372,Pool Leak Inspection,Pool Leak Inspection,pool-leak-inspection,pool-leak-inspection,swimming-pool,swimming-pool,KEEP,Existing approved baseline service,YELLOW,true,unique,n/a-audit,proposed,proposed-approved,child,
prop-373,,Pool Lighting Repair,,pool-lighting-repair,swimming-pool,swimming-pool,ADD,Wet-niche lighting — safety review; stays under pool for customer intent,REVIEW_REQUIRED,false,unique,n/a-audit,proposed,proposed-approved,child,
prop-374,Pool Pump Inspection,Pool Pump Inspection,pool-pump-inspection,pool-pump-inspection,swimming-pool,swimming-pool,KEEP,Existing approved baseline service,YELLOW,true,unique,n/a-audit,proposed,proposed-approved,child,
prop-375,Pool Pump Maintenance,Pool Pump Maintenance,pool-pump-maintenance,pool-pump-maintenance,swimming-pool,swimming-pool,KEEP,Existing approved baseline service,YELLOW,true,unique,n/a-audit,proposed,proposed-approved,child,
prop-376,Pool Skimming,Pool Skimming,pool-skimming,pool-skimming,swimming-pool,swimming-pool,KEEP,Existing approved baseline service,YELLOW,true,unique,n/a-audit,proposed,proposed-approved,child,
prop-377,Pool Tile Cleaning,Pool Tile Cleaning,pool-tile-cleaning,pool-tile-cleaning,swimming-pool,swimming-pool,KEEP,Existing approved baseline service,YELLOW,true,unique,n/a-audit,proposed,proposed-approved,child,
prop-378,Pool Vacuum Cleaning,Pool Vacuum Cleaning,pool-vacuum-cleaning,pool-vacuum-cleaning,swimming-pool,swimming-pool,KEEP,Existing approved baseline service,YELLOW,true,unique,n/a-audit,proposed,proposed-approved,child,
prop-379,Pool Water Testing,Pool Water Testing,pool-water-testing,pool-water-testing,swimming-pool,swimming-pool,KEEP,Existing approved baseline service,YELLOW,true,unique,n/a-audit,proposed,proposed-approved,child,
prop-380,Residential Pool Maintenance,Residential Pool Maintenance,residential-pool-maintenance,residential-pool-maintenance,swimming-pool,swimming-pool,KEEP,Existing approved baseline service,YELLOW,true,unique,n/a-audit,proposed,proposed-approved,child,
prop-381,Swimming Pool Cleaning,Swimming Pool Cleaning,swimming-pool-cleaning,swimming-pool-cleaning,swimming-pool,swimming-pool,KEEP,Existing approved baseline service,YELLOW,true,unique,n/a-audit,proposed,proposed-approved,child,
prop-382,Swimming Pool Inspection,Swimming Pool Inspection,swimming-pool-inspection,swimming-pool-inspection,swimming-pool,swimming-pool,KEEP,Existing approved baseline service,YELLOW,true,unique,n/a-audit,proposed,proposed-approved,child,
prop-383,,Cornice Repair,,cornice-repair,walls,walls,ADD,Cornice/coving repair,YELLOW,true,unique,n/a-audit,proposed,proposed-approved,child,
prop-384,Damp Wall Repair,Damp Wall Repair,damp-wall-repair,damp-wall-repair,walls,walls,KEEP,Existing approved baseline service,YELLOW,true,unique,n/a-audit,proposed,proposed-approved,child,
prop-385,Gypsum Wall Repair,Gypsum Wall Repair,gypsum-wall-repair,gypsum-wall-repair,walls,walls,KEEP,Existing approved baseline service,YELLOW,true,unique,n/a-audit,proposed,proposed-approved,child,
prop-386,Mold-Affected Wall Treatment,Mold-Affected Wall Treatment,mold-affected-wall-treatment,mold-affected-wall-treatment,walls,walls,KEEP,Existing approved baseline service,YELLOW,true,unique,n/a-audit,proposed,proposed-approved,child,
prop-387,Partition Wall Repair,Partition Wall Repair,partition-wall-repair,partition-wall-repair,walls,walls,KEEP,Existing approved baseline service,YELLOW,true,unique,n/a-audit,proposed,proposed-approved,child,
prop-388,Peeling Paint Repair,Peeling Paint Repair,peeling-paint-repair,peeling-paint-repair,walls,walls,KEEP,Existing approved baseline service,YELLOW,true,unique,n/a-audit,proposed,proposed-approved,child,
prop-389,Plaster Repair,Plaster Repair,plaster-repair,plaster-repair,walls,walls,KEEP,Existing approved baseline service,YELLOW,true,unique,n/a-audit,proposed,proposed-approved,child,
prop-390,,Skirting Repair,,skirting-repair,walls,walls,ADD,Skirting/baseboard repair,YELLOW,true,unique,n/a-audit,proposed,proposed-approved,child,
prop-391,Structural Crack Assessment,Structural Crack Assessment,structural-crack-assessment,structural-crack-assessment,walls,walls,KEEP,Existing approved baseline service,RED,false,unique,n/a-audit,proposed,proposed-approved,child,
prop-392,Surface Preparation,Surface Preparation,surface-preparation,surface-preparation,walls,walls,KEEP,Existing approved baseline service,YELLOW,true,unique,n/a-audit,proposed,proposed-approved,child,
prop-393,Wall Crack Repair,Wall Crack Repair,wall-crack-repair,wall-crack-repair,walls,walls,KEEP,Existing approved baseline service,YELLOW,true,unique,n/a-audit,proposed,proposed-approved,child,
prop-394,Wall Damage Repair,Wall Damage Repair,wall-damage-repair,wall-damage-repair,walls,walls,KEEP,Existing approved baseline service,YELLOW,true,unique,n/a-audit,proposed,proposed-approved,child,
prop-395,Wall Hole Repair,Wall Hole Repair,wall-hole-repair,wall-hole-repair,walls,walls,KEEP,Existing approved baseline service,YELLOW,true,unique,n/a-audit,proposed,proposed-approved,child,
prop-396,Wall Inspection,Wall Inspection,wall-inspection,wall-inspection,walls,walls,KEEP,Existing approved baseline service,YELLOW,true,unique,n/a-audit,proposed,proposed-approved,child,
prop-397,Wall Patching,Wall Patching,wall-patching,wall-patching,walls,walls,KEEP,Existing approved baseline service,YELLOW,true,unique,n/a-audit,proposed,proposed-approved,child,
prop-398,Wall Skimming,Wall Skimming,wall-skimming,wall-skimming,walls,walls,KEEP,Existing approved baseline service,YELLOW,true,unique,n/a-audit,proposed,proposed-approved,child,
prop-399,,Wallpaper Removal,,wallpaper-removal,walls,walls,ADD,Surface prep adjacent to walls,YELLOW,true,unique,n/a-audit,proposed,proposed-approved,child,
prop-400,Washing Machine Belt Replacement,Washing Machine Belt Replacement,washing-machine-belt-replacement,washing-machine-belt-replacement,washing-machine,washing-machine,KEEP,Existing approved baseline service,RED,false,unique,n/a-audit,proposed,proposed-approved,child,
prop-401,Washing Machine Control Board Diagnosis,Washing Machine Control Board Diagnosis,washing-machine-control-board-diagnosis,washing-machine-control-board-diagnosis,washing-machine,washing-machine,KEEP,Existing approved baseline service,YELLOW,true,unique,n/a-audit,proposed,proposed-approved,child,
prop-402,Washing Machine Door Lock Problem,Washing Machine Door Lock Problem,washing-machine-door-lock-problem,washing-machine-door-lock-problem,washing-machine,washing-machine,KEEP,Existing approved baseline service,YELLOW,true,unique,n/a-audit,proposed,proposed-approved,child,
prop-403,Washing Machine Drainage Problem,Washing Machine Drainage Problem,washing-machine-drainage-problem,washing-machine-drainage-problem,washing-machine,washing-machine,KEEP,Existing approved baseline service,YELLOW,true,unique,n/a-audit,proposed,proposed-approved,child,
prop-404,Washing Machine Drum Problem,Washing Machine Drum Problem,washing-machine-drum-problem,washing-machine-drum-problem,washing-machine,washing-machine,KEEP,Existing approved baseline service,YELLOW,true,unique,n/a-audit,proposed,proposed-approved,child,
prop-405,Washing Machine Excessive Noise,Washing Machine Excessive Noise,washing-machine-excessive-noise,washing-machine-excessive-noise,washing-machine,washing-machine,KEEP,Existing approved baseline service,YELLOW,true,unique,n/a-audit,proposed,proposed-approved,child,
prop-406,Washing Machine Filter Cleaning,Washing Machine Filter Cleaning,washing-machine-filter-cleaning,washing-machine-filter-cleaning,washing-machine,washing-machine,KEEP,Existing approved baseline service,YELLOW,true,unique,n/a-audit,proposed,proposed-approved,child,
prop-407,Washing Machine Inspection,Washing Machine Inspection,washing-machine-inspection,washing-machine-inspection,washing-machine,washing-machine,KEEP,Existing approved baseline service,YELLOW,true,unique,n/a-audit,proposed,proposed-approved,child,
prop-408,,Washing Machine Installation,,washing-machine-installation,washing-machine,washing-machine,ADD,Install intent missing,RED,false,unique,n/a-audit,proposed,proposed-approved,child,
prop-409,Washing Machine Motor Inspection,Washing Machine Motor Inspection,washing-machine-motor-inspection,washing-machine-motor-inspection,washing-machine,washing-machine,KEEP,Existing approved baseline service,YELLOW,true,unique,n/a-audit,proposed,proposed-approved,child,
prop-410,Washing Machine Not Spinning,Washing Machine Not Spinning,washing-machine-not-spinning,washing-machine-not-spinning,washing-machine,washing-machine,KEEP,Existing approved baseline service,YELLOW,true,unique,n/a-audit,proposed,proposed-approved,child,
prop-411,Washing Machine Not Starting,Washing Machine Not Starting,washing-machine-not-starting,washing-machine-not-starting,washing-machine,washing-machine,KEEP,Existing approved baseline service,YELLOW,true,unique,n/a-audit,proposed,proposed-approved,child,
prop-412,Washing Machine Preventive Maintenance,Washing Machine Preventive Maintenance,washing-machine-preventive-maintenance,washing-machine-preventive-maintenance,washing-machine,washing-machine,KEEP,Existing approved baseline service,YELLOW,true,unique,n/a-audit,proposed,proposed-approved,child,
prop-413,Washing Machine Pump Repair,Washing Machine Pump Repair,washing-machine-pump-repair,washing-machine-pump-repair,washing-machine,washing-machine,KEEP,Existing approved baseline service,YELLOW,true,unique,n/a-audit,proposed,proposed-approved,child,
prop-414,Washing Machine Vibration Problem,Washing Machine Vibration Problem,washing-machine-vibration-problem,washing-machine-vibration-problem,washing-machine,washing-machine,KEEP,Existing approved baseline service,YELLOW,true,unique,n/a-audit,proposed,proposed-approved,child,
prop-415,Washing Machine Water Filling Problem,Washing Machine Water Filling Problem,washing-machine-water-filling-problem,washing-machine-water-filling-problem,washing-machine,washing-machine,KEEP,Existing approved baseline service,YELLOW,true,unique,n/a-audit,proposed,proposed-approved,child,
prop-416,Washing Machine Water Leakage,Washing Machine Water Leakage,washing-machine-water-leakage,washing-machine-water-leakage,washing-machine,washing-machine,KEEP,Existing approved baseline service,YELLOW,true,unique,n/a-audit,proposed,proposed-approved,child,
prop-417,Emergency Water Heater Repair,Emergency Water Heater Repair,emergency-water-heater-repair,emergency-water-heater-repair,water-heater,water-heater,KEEP,Existing approved baseline service,YELLOW,true,unique,n/a-audit,proposed,proposed-approved,child,
prop-418,Water Heater Cleaning,Water Heater Cleaning,water-heater-cleaning,water-heater-cleaning,water-heater,water-heater,KEEP,Existing approved baseline service,YELLOW,true,unique,n/a-audit,proposed,proposed-approved,child,
prop-419,Water Heater Electrical Fault Diagnosis,Water Heater Electrical Fault Diagnosis,water-heater-electrical-fault-diagnosis,water-heater-electrical-fault-diagnosis,water-heater,water-heater,KEEP,Existing approved baseline service,YELLOW,true,unique,n/a-audit,proposed,proposed-approved,child,
prop-420,Water Heater Heating Element Replacement,Water Heater Heating Element Replacement,water-heater-heating-element-replacement,water-heater-heating-element-replacement,water-heater,water-heater,KEEP,Existing approved baseline service,RED,false,unique,n/a-audit,proposed,proposed-approved,child,
prop-421,Water Heater Inspection,Water Heater Inspection,water-heater-inspection,water-heater-inspection,water-heater,water-heater,KEEP,Existing approved baseline service,YELLOW,true,unique,n/a-audit,proposed,proposed-approved,child,
prop-422,,Water Heater Installation,,water-heater-installation,water-heater,water-heater,ADD,Install/fix appliance; RR,REVIEW_REQUIRED,false,unique,n/a-audit,proposed,proposed-approved,child,
prop-423,Water Heater No Hot Water,Water Heater No Hot Water,water-heater-no-hot-water,water-heater-no-hot-water,water-heater,water-heater,KEEP,Existing approved baseline service,YELLOW,true,unique,n/a-audit,proposed,proposed-approved,child,
prop-424,Water Heater Pressure Problem,Water Heater Pressure Problem,water-heater-pressure-problem,water-heater-pressure-problem,water-heater,water-heater,KEEP,Existing approved baseline service,YELLOW,true,unique,n/a-audit,proposed,proposed-approved,child,
prop-425,Water Heater Preventive Maintenance,Water Heater Preventive Maintenance,water-heater-preventive-maintenance,water-heater-preventive-maintenance,water-heater,water-heater,KEEP,Existing approved baseline service,YELLOW,true,unique,n/a-audit,proposed,proposed-approved,child,
prop-426,Water Heater Scale Removal,Water Heater Scale Removal,water-heater-scale-removal,water-heater-scale-removal,water-heater,water-heater,KEEP,Existing approved baseline service,YELLOW,true,unique,n/a-audit,proposed,proposed-approved,child,
prop-427,Water Heater Slow Heating,Water Heater Slow Heating,water-heater-slow-heating,water-heater-slow-heating,water-heater,water-heater,KEEP,Existing approved baseline service,YELLOW,true,unique,n/a-audit,proposed,proposed-approved,child,
prop-428,Water Heater Tank Inspection,Water Heater Tank Inspection,water-heater-tank-inspection,water-heater-tank-inspection,water-heater,water-heater,KEEP,Existing approved baseline service,YELLOW,true,unique,n/a-audit,proposed,proposed-approved,child,
prop-429,Water Heater Temperature Problem,Water Heater Temperature Problem,water-heater-temperature-problem,water-heater-temperature-problem,water-heater,water-heater,KEEP,Existing approved baseline service,YELLOW,true,unique,n/a-audit,proposed,proposed-approved,child,
prop-430,Water Heater Thermostat Repair,Water Heater Thermostat Repair,water-heater-thermostat-repair,water-heater-thermostat-repair,water-heater,water-heater,KEEP,Existing approved baseline service,YELLOW,true,unique,n/a-audit,proposed,proposed-approved,child,
prop-431,Water Heater Valve Replacement,Water Heater Valve Replacement,water-heater-valve-replacement,water-heater-valve-replacement,water-heater,water-heater,KEEP,Existing approved baseline service,RED,false,unique,n/a-audit,proposed,proposed-approved,child,
prop-432,Water Heater Water Leakage Repair,Water Heater Water Leakage Repair,water-heater-water-leakage-repair,water-heater-water-leakage-repair,water-heater,water-heater,KEEP,Existing approved baseline service,YELLOW,true,unique,n/a-audit,proposed,proposed-approved,child,
prop-433,Commercial Water Tank Cleaning,Commercial Water Tank Cleaning,commercial-water-tank-cleaning,commercial-water-tank-cleaning,water-tank,water-tank,KEEP,Existing approved baseline service,YELLOW,true,unique,n/a-audit,proposed,proposed-approved,child,
prop-434,Float Valve Repair,Float Valve Repair,float-valve-repair,float-valve-repair,water-tank,water-tank,KEEP,Existing approved baseline service,YELLOW,true,unique,n/a-audit,proposed,proposed-approved,child,
prop-435,Residential Water Tank Cleaning,Residential Water Tank Cleaning,residential-water-tank-cleaning,residential-water-tank-cleaning,water-tank,water-tank,KEEP,Existing approved baseline service,YELLOW,true,unique,n/a-audit,proposed,proposed-approved,child,
prop-436,Rooftop Water Tank Cleaning,Rooftop Water Tank Cleaning,rooftop-water-tank-cleaning,rooftop-water-tank-cleaning,water-tank,water-tank,KEEP,Existing approved baseline service,YELLOW,true,unique,n/a-audit,proposed,proposed-approved,child,
prop-437,Scheduled Water Tank Maintenance,Scheduled Water Tank Maintenance,scheduled-water-tank-maintenance,scheduled-water-tank-maintenance,water-tank,water-tank,KEEP,Existing approved baseline service,YELLOW,true,unique,n/a-audit,proposed,proposed-approved,child,
prop-438,Tank Overflow Repair,Tank Overflow Repair,tank-overflow-repair,tank-overflow-repair,water-tank,water-tank,KEEP,Existing approved baseline service,YELLOW,true,unique,n/a-audit,proposed,proposed-approved,child,
prop-439,Tank Pipe Connection Repair,Tank Pipe Connection Repair,tank-pipe-connection-repair,tank-pipe-connection-repair,water-tank,water-tank,KEEP,Existing approved baseline service,YELLOW,true,unique,n/a-audit,proposed,proposed-approved,child,
prop-440,Underground Water Tank Cleaning,Underground Water Tank Cleaning,underground-water-tank-cleaning,underground-water-tank-cleaning,water-tank,water-tank,KEEP,Existing approved baseline service,YELLOW,true,unique,n/a-audit,proposed,proposed-approved,child,
prop-441,Villa Water Tank Cleaning,Villa Water Tank Cleaning,villa-water-tank-cleaning,villa-water-tank-cleaning,water-tank,water-tank,KEEP,Existing approved baseline service,YELLOW,true,unique,n/a-audit,proposed,proposed-approved,child,
prop-442,Water Tank Cleaning,Water Tank Cleaning,water-tank-cleaning-service,water-tank-cleaning-service,water-tank,water-tank,KEEP,Existing approved baseline service,YELLOW,true,unique,n/a-audit,proposed,proposed-approved,child,
prop-443,Water Tank Cover Repair,Water Tank Cover Repair,water-tank-cover-repair,water-tank-cover-repair,water-tank,water-tank,KEEP,Existing approved baseline service,YELLOW,true,unique,n/a-audit,proposed,proposed-approved,child,
prop-444,Water Tank Disinfection,Water Tank Disinfection,water-tank-disinfection,water-tank-disinfection,water-tank,water-tank,KEEP,Existing approved baseline service,YELLOW,true,unique,n/a-audit,proposed,proposed-approved,child,
prop-445,Water Tank Inspection,Water Tank Inspection,water-tank-inspection,water-tank-inspection,water-tank,water-tank,KEEP,Existing approved baseline service,YELLOW,true,unique,n/a-audit,proposed,proposed-approved,child,
prop-446,Water Tank Leak Inspection,Water Tank Leak Inspection,water-tank-leak-inspection,water-tank-leak-inspection,water-tank,water-tank,KEEP,Existing approved baseline service,YELLOW,true,unique,n/a-audit,proposed,proposed-approved,child,
prop-447,,Water Tank Pump Inspection,,water-tank-pump-inspection,water-tank,water-tank,ADD,Associated booster/pump check,YELLOW,true,unique,n/a-audit,proposed,proposed-approved,child,
prop-448,Water Tank Valve Repair,Water Tank Valve Repair,water-tank-valve-repair,water-tank-valve-repair,water-tank,water-tank,KEEP,Existing approved baseline service,YELLOW,true,unique,n/a-audit,proposed,proposed-approved,child,
prop-449,Regular Cleaning,Regular Cleaning,regular-cleaning,regular-cleaning,cleaning,cleaning,DEPRECATE,Near-identical booking intent (scheduled/recurring). Keep Recurring Cleaning as canonical.,YELLOW,true,merge-into:recurring-cleaning,n/a-audit,proposed,deprecated-proposal,child,
prop-450,Water Tank Sanitization,Water Tank Sanitization,water-tank-sanitization,water-tank-sanitization,water-tank,water-tank,DEPRECATE,Substantially identical chemical sanitation intent. Keep Disinfection as canonical.,YELLOW,true,merge-into:water-tank-disinfection,n/a-audit,proposed,deprecated-proposal,child,
prop-451,Moisture Damage Repair,Moisture Damage Repair,moisture-damage-repair,moisture-damage-repair,walls,walls,DEPRECATE,High overlap; damp/moisture wall corrective work. Keep Damp Wall Repair; redirect moisture naming.,YELLOW,true,merge-into:damp-wall-repair,n/a-audit,proposed,deprecated-proposal,child,
prop-452,General Property Repair,General Property Repair,general-property-repair,general-property-repair,general-maintenance,general-maintenance,DEPRECATE,Broad catch-all overlap. Prefer Minor Building Repairs; handyman remains separate.,YELLOW,true,merge-into:minor-building-repairs,n/a-audit,proposed,deprecated-proposal,child,
